ISO-10303-21;
HEADER;
/* Generated by software containing ST-Developer
 * from STEP Tools, Inc. (www.steptools.com) 
 */

FILE_DESCRIPTION(
/* description */ (''),
/* implementation_level */ '2;1');

FILE_NAME(
/* name */ 'powerfet_g2_base_cover.step',
/* time_stamp */ '2026-08-16T15:08:04+08:00',
/* author */ (''),
/* organization */ (''),
/* preprocessor_version */ 'ST-DEVELOPER v20.1',
/* originating_system */ 'Autodesk Translation Framework v15.8.0.0',
/* authorisation */ '');

FILE_SCHEMA (('AUTOMOTIVE_DESIGN { 1 0 10303 214 3 1 1 }'));
ENDSEC;

DATA;
#10=MECHANICAL_DESIGN_GEOMETRIC_PRESENTATION_REPRESENTATION('',(#13),#4032);
#11=SHAPE_REPRESENTATION_RELATIONSHIP('SRR','None',#4039,#12);
#12=ADVANCED_BREP_SHAPE_REPRESENTATION('',(#14),#4031);
#13=STYLED_ITEM('',(#4048),#14);
#14=MANIFOLD_SOLID_BREP('powerfet_g2_base_cover',#1427);
#15=FACE_BOUND('',#189,.T.);
#16=FACE_BOUND('',#190,.T.);
#17=FACE_BOUND('',#192,.T.);
#18=FACE_BOUND('',#193,.T.);
#19=FACE_BOUND('',#200,.T.);
#20=FACE_BOUND('',#206,.T.);
#21=FACE_BOUND('',#211,.T.);
#22=FACE_BOUND('',#214,.T.);
#23=CONICAL_SURFACE('',#1484,1.5,0.785398163397448);
#24=CONICAL_SURFACE('',#1486,5.5,0.785398163397449);
#25=CONICAL_SURFACE('',#1488,1.5,0.785398163397449);
#26=CONICAL_SURFACE('',#1492,1.5,0.785398163397449);
#27=CONICAL_SURFACE('',#1494,3.5,0.785398163397449);
#28=CONICAL_SURFACE('',#1496,1.5,0.785398163397448);
#29=CONICAL_SURFACE('',#1499,1.3,0.785398163397448);
#30=PLANE('',#1470);
#31=PLANE('',#1471);
#32=PLANE('',#1472);
#33=PLANE('',#1473);
#34=PLANE('',#1474);
#35=PLANE('',#1475);
#36=PLANE('',#1479);
#37=PLANE('',#1480);
#38=PLANE('',#1490);
#39=PLANE('',#1491);
#40=PLANE('',#1498);
#41=PLANE('',#1504);
#42=PLANE('',#1505);
#43=PLANE('',#1507);
#44=PLANE('',#1510);
#45=PLANE('',#1517);
#46=PLANE('',#1518);
#47=PLANE('',#1519);
#48=PLANE('',#1520);
#49=PLANE('',#1521);
#50=PLANE('',#1522);
#51=PLANE('',#1525);
#52=PLANE('',#1526);
#53=PLANE('',#1527);
#54=PLANE('',#1529);
#55=PLANE('',#1532);
#56=PLANE('',#1533);
#57=PLANE('',#1536);
#58=PLANE('',#1540);
#59=PLANE('',#1545);
#60=PLANE('',#1547);
#61=PLANE('',#1550);
#62=B_SPLINE_SURFACE_WITH_KNOTS('',3,3,((#2761,#2762,#2763,#2764,#2765,
#2766,#2767,#2768,#2769,#2770,#2771,#2772,#2773,#2774,#2775,#2776,#2777,
#2778,#2779,#2780,#2781,#2782,#2783,#2784,#2785,#2786,#2787,#2788,#2789,
#2790,#2791,#2792,#2793,#2794,#2795,#2796,#2797,#2798,#2799,#2800,#2801,
#2802,#2803,#2804,#2805,#2806,#2807,#2808,#2809,#2810,#2811,#2812,#2813,
#2814,#2815,#2816,#2817,#2818,#2819,#2820,#2821,#2822,#2823,#2824,#2825,
#2826,#2827,#2828,#2829,#2830,#2831,#2832,#2833,#2834,#2835,#2836,#2837,
#2838,#2839,#2840,#2841),(#2842,#2843,#2844,#2845,#2846,#2847,#2848,#2849,
#2850,#2851,#2852,#2853,#2854,#2855,#2856,#2857,#2858,#2859,#2860,#2861,
#2862,#2863,#2864,#2865,#2866,#2867,#2868,#2869,#2870,#2871,#2872,#2873,
#2874,#2875,#2876,#2877,#2878,#2879,#2880,#2881,#2882,#2883,#2884,#2885,
#2886,#2887,#2888,#2889,#2890,#2891,#2892,#2893,#2894,#2895,#2896,#2897,
#2898,#2899,#2900,#2901,#2902,#2903,#2904,#2905,#2906,#2907,#2908,#2909,
#2910,#2911,#2912,#2913,#2914,#2915,#2916,#2917,#2918,#2919,#2920,#2921,
#2922),(#2923,#2924,#2925,#2926,#2927,#2928,#2929,#2930,#2931,#2932,#2933,
#2934,#2935,#2936,#2937,#2938,#2939,#2940,#2941,#2942,#2943,#2944,#2945,
#2946,#2947,#2948,#2949,#2950,#2951,#2952,#2953,#2954,#2955,#2956,#2957,
#2958,#2959,#2960,#2961,#2962,#2963,#2964,#2965,#2966,#2967,#2968,#2969,
#2970,#2971,#2972,#2973,#2974,#2975,#2976,#2977,#2978,#2979,#2980,#2981,
#2982,#2983,#2984,#2985,#2986,#2987,#2988,#2989,#2990,#2991,#2992,#2993,
#2994,#2995,#2996,#2997,#2998,#2999,#3000,#3001,#3002,#3003),(#3004,#3005,
#3006,#3007,#3008,#3009,#3010,#3011,#3012,#3013,#3014,#3015,#3016,#3017,
#3018,#3019,#3020,#3021,#3022,#3023,#3024,#3025,#3026,#3027,#3028,#3029,
#3030,#3031,#3032,#3033,#3034,#3035,#3036,#3037,#3038,#3039,#3040,#3041,
#3042,#3043,#3044,#3045,#3046,#3047,#3048,#3049,#3050,#3051,#3052,#3053,
#3054,#3055,#3056,#3057,#3058,#3059,#3060,#3061,#3062,#3063,#3064,#3065,
#3066,#3067,#3068,#3069,#3070,#3071,#3072,#3073,#3074,#3075,#3076,#3077,
#3078,#3079,#3080,#3081,#3082,#3083,#3084)),.UNSPECIFIED.,.F.,.F.,.F.,(4,
4),(4,1,1,1,1,1,1,1,1,1,1,1,1,1,1,1,1,1,1,1,1,1,1,1,1,1,1,1,1,1,1,1,1,1,
1,1,1,1,1,1,1,1,1,1,1,1,1,1,1,1,1,1,1,1,1,1,1,1,1,1,1,1,1,1,1,1,1,1,1,1,
1,1,1,1,1,1,1,1,4),(0.,0.0321584099938621),(11.8553612635793,12.8479099325269,
13.8404586014745,14.8330072704221,15.8255559393696,16.8181046083172,17.8106532772648,
18.8032019462124,19.79575061516,20.7882992841076,21.7808479530552,22.7733966220028,
23.7659452909504,24.7584939598979,25.7510426288455,26.7435912977931,27.7361399667407,
28.7286886356883,29.7212373046359,30.7137859735835,31.7063346425311,32.6988833114787,
33.6914319804263,34.6839806493738,35.6765293183214,36.669077987269,37.6616266562166,
38.6541753251642,39.6467239941118,40.6392726630594,41.631821332007,42.6243700009546,
43.6169186699021,44.6094673388497,45.6020160077973,46.5945646767449,47.5871133456925,
48.5796620146401,49.5722106835877,50.5647593525353,51.5573080214829,52.5498566904304,
53.542405359378,54.5349540283256,55.5275026972732,56.5200513662208,57.5126000351684,
58.505148704116,59.4976973730636,60.4902460420112,61.4827947109587,62.4753433799063,
63.4678920488539,64.4604407178015,65.4529893867491,66.4455380556967,67.4380867246443,
68.4306353935919,69.4231840625395,70.4157327314871,71.4082814004346,72.4008300693822,
73.3933787383298,74.3859274072774,75.378476076225,76.3710247451726,77.3635734141202,
78.3561220830678,79.3486707520154,80.3412194209629,81.3337680899105,82.3263167588581,
83.3188654278057,84.3114140967533,85.3039627657009,86.2965114346485,87.2890601035961,
88.2816087725436,89.2741574414912),.UNSPECIFIED.);
#63=B_SPLINE_SURFACE_WITH_KNOTS('',3,3,((#3265,#3266,#3267,#3268,#3269,
#3270,#3271,#3272,#3273,#3274,#3275,#3276,#3277,#3278,#3279,#3280,#3281,
#3282,#3283,#3284,#3285,#3286,#3287,#3288,#3289,#3290,#3291,#3292,#3293,
#3294,#3295,#3296,#3297,#3298,#3299,#3300,#3301,#3302,#3303,#3304,#3305,
#3306,#3307,#3308,#3309,#3310,#3311,#3312,#3313,#3314,#3315,#3316,#3317,
#3318,#3319,#3320,#3321,#3322,#3323,#3324,#3325,#3326,#3327,#3328,#3329,
#3330,#3331,#3332,#3333,#3334,#3335,#3336,#3337,#3338,#3339,#3340,#3341,
#3342,#3343,#3344,#3345),(#3346,#3347,#3348,#3349,#3350,#3351,#3352,#3353,
#3354,#3355,#3356,#3357,#3358,#3359,#3360,#3361,#3362,#3363,#3364,#3365,
#3366,#3367,#3368,#3369,#3370,#3371,#3372,#3373,#3374,#3375,#3376,#3377,
#3378,#3379,#3380,#3381,#3382,#3383,#3384,#3385,#3386,#3387,#3388,#3389,
#3390,#3391,#3392,#3393,#3394,#3395,#3396,#3397,#3398,#3399,#3400,#3401,
#3402,#3403,#3404,#3405,#3406,#3407,#3408,#3409,#3410,#3411,#3412,#3413,
#3414,#3415,#3416,#3417,#3418,#3419,#3420,#3421,#3422,#3423,#3424,#3425,
#3426),(#3427,#3428,#3429,#3430,#3431,#3432,#3433,#3434,#3435,#3436,#3437,
#3438,#3439,#3440,#3441,#3442,#3443,#3444,#3445,#3446,#3447,#3448,#3449,
#3450,#3451,#3452,#3453,#3454,#3455,#3456,#3457,#3458,#3459,#3460,#3461,
#3462,#3463,#3464,#3465,#3466,#3467,#3468,#3469,#3470,#3471,#3472,#3473,
#3474,#3475,#3476,#3477,#3478,#3479,#3480,#3481,#3482,#3483,#3484,#3485,
#3486,#3487,#3488,#3489,#3490,#3491,#3492,#3493,#3494,#3495,#3496,#3497,
#3498,#3499,#3500,#3501,#3502,#3503,#3504,#3505,#3506,#3507),(#3508,#3509,
#3510,#3511,#3512,#3513,#3514,#3515,#3516,#3517,#3518,#3519,#3520,#3521,
#3522,#3523,#3524,#3525,#3526,#3527,#3528,#3529,#3530,#3531,#3532,#3533,
#3534,#3535,#3536,#3537,#3538,#3539,#3540,#3541,#3542,#3543,#3544,#3545,
#3546,#3547,#3548,#3549,#3550,#3551,#3552,#3553,#3554,#3555,#3556,#3557,
#3558,#3559,#3560,#3561,#3562,#3563,#3564,#3565,#3566,#3567,#3568,#3569,
#3570,#3571,#3572,#3573,#3574,#3575,#3576,#3577,#3578,#3579,#3580,#3581,
#3582,#3583,#3584,#3585,#3586,#3587,#3588)),.UNSPECIFIED.,.F.,.F.,.F.,(4,
4),(4,1,1,1,1,1,1,1,1,1,1,1,1,1,1,1,1,1,1,1,1,1,1,1,1,1,1,1,1,1,1,1,1,1,
1,1,1,1,1,1,1,1,1,1,1,1,1,1,1,1,1,1,1,1,1,1,1,1,1,1,1,1,1,1,1,1,1,1,1,1,
1,1,1,1,1,1,1,1,4),(0.,0.0321584099938621),(14.3984001269718,15.3909487959194,
16.383497464867,17.3760461338146,18.3685948027622,19.3611434717097,20.3536921406573,
21.3462408096049,22.3387894785525,23.3313381475001,24.3238868164477,25.3164354853953,
26.3089841543429,27.3015328232905,28.294081492238,29.2866301611856,30.2791788301332,
31.2717274990808,32.2642761680284,33.256824836976,34.2493735059236,35.2419221748712,
36.2344708438188,37.2270195127663,38.2195681817139,39.2121168506615,40.2046655196091,
41.1972141885567,42.1897628575043,43.1823115264519,44.1748601953995,45.1674088643471,
46.1599575332947,47.1525062022422,48.1450548711898,49.1376035401374,50.130152209085,
51.1227008780326,52.1152495469802,53.1077982159278,54.1003468848754,55.0928955538229,
56.0854442227705,57.0779928917181,58.0705415606657,59.0630902296133,60.0556388985609,
61.0481875675085,62.0407362364561,63.0332849054037,64.0258335743513,65.0183822432988,
66.0109309122464,67.003479581194,67.9960282501416,68.9885769190892,69.9811255880368,
70.9736742569844,71.966222925932,72.9587715948796,73.9513202638271,74.9438689327747,
75.9364176017223,76.9289662706699,77.9215149396175,78.9140636085651,79.9066122775127,
80.8991609464603,81.8917096154079,82.8842582843555,83.876806953303,84.8693556222506,
85.8619042911982,86.8544529601458,87.8470016290934,88.839550298041,89.8320989669886,
90.8246476359362,91.8171963048838),.UNSPECIFIED.);
#64=FACE_OUTER_BOUND('',#140,.T.);
#65=FACE_OUTER_BOUND('',#141,.T.);
#66=FACE_OUTER_BOUND('',#142,.T.);
#67=FACE_OUTER_BOUND('',#143,.T.);
#68=FACE_OUTER_BOUND('',#144,.T.);
#69=FACE_OUTER_BOUND('',#145,.T.);
#70=FACE_OUTER_BOUND('',#146,.T.);
#71=FACE_OUTER_BOUND('',#147,.T.);
#72=FACE_OUTER_BOUND('',#148,.T.);
#73=FACE_OUTER_BOUND('',#149,.T.);
#74=FACE_OUTER_BOUND('',#150,.T.);
#75=FACE_OUTER_BOUND('',#151,.T.);
#76=FACE_OUTER_BOUND('',#152,.T.);
#77=FACE_OUTER_BOUND('',#153,.T.);
#78=FACE_OUTER_BOUND('',#154,.T.);
#79=FACE_OUTER_BOUND('',#155,.T.);
#80=FACE_OUTER_BOUND('',#156,.T.);
#81=FACE_OUTER_BOUND('',#157,.T.);
#82=FACE_OUTER_BOUND('',#158,.T.);
#83=FACE_OUTER_BOUND('',#159,.T.);
#84=FACE_OUTER_BOUND('',#160,.T.);
#85=FACE_OUTER_BOUND('',#161,.T.);
#86=FACE_OUTER_BOUND('',#162,.T.);
#87=FACE_OUTER_BOUND('',#163,.T.);
#88=FACE_OUTER_BOUND('',#164,.T.);
#89=FACE_OUTER_BOUND('',#165,.T.);
#90=FACE_OUTER_BOUND('',#166,.T.);
#91=FACE_OUTER_BOUND('',#167,.T.);
#92=FACE_OUTER_BOUND('',#168,.T.);
#93=FACE_OUTER_BOUND('',#169,.T.);
#94=FACE_OUTER_BOUND('',#170,.T.);
#95=FACE_OUTER_BOUND('',#171,.T.);
#96=FACE_OUTER_BOUND('',#172,.T.);
#97=FACE_OUTER_BOUND('',#173,.T.);
#98=FACE_OUTER_BOUND('',#174,.T.);
#99=FACE_OUTER_BOUND('',#175,.T.);
#100=FACE_OUTER_BOUND('',#176,.T.);
#101=FACE_OUTER_BOUND('',#177,.T.);
#102=FACE_OUTER_BOUND('',#178,.T.);
#103=FACE_OUTER_BOUND('',#179,.T.);
#104=FACE_OUTER_BOUND('',#180,.T.);
#105=FACE_OUTER_BOUND('',#181,.T.);
#106=FACE_OUTER_BOUND('',#182,.T.);
#107=FACE_OUTER_BOUND('',#183,.T.);
#108=FACE_OUTER_BOUND('',#184,.T.);
#109=FACE_OUTER_BOUND('',#185,.T.);
#110=FACE_OUTER_BOUND('',#186,.T.);
#111=FACE_OUTER_BOUND('',#187,.T.);
#112=FACE_OUTER_BOUND('',#188,.T.);
#113=FACE_OUTER_BOUND('',#191,.T.);
#114=FACE_OUTER_BOUND('',#194,.T.);
#115=FACE_OUTER_BOUND('',#195,.T.);
#116=FACE_OUTER_BOUND('',#196,.T.);
#117=FACE_OUTER_BOUND('',#197,.T.);
#118=FACE_OUTER_BOUND('',#198,.T.);
#119=FACE_OUTER_BOUND('',#199,.T.);
#120=FACE_OUTER_BOUND('',#201,.T.);
#121=FACE_OUTER_BOUND('',#202,.T.);
#122=FACE_OUTER_BOUND('',#203,.T.);
#123=FACE_OUTER_BOUND('',#204,.T.);
#124=FACE_OUTER_BOUND('',#205,.T.);
#125=FACE_OUTER_BOUND('',#207,.T.);
#126=FACE_OUTER_BOUND('',#208,.T.);
#127=FACE_OUTER_BOUND('',#209,.T.);
#128=FACE_OUTER_BOUND('',#210,.T.);
#129=FACE_OUTER_BOUND('',#212,.T.);
#130=FACE_OUTER_BOUND('',#213,.T.);
#131=FACE_OUTER_BOUND('',#215,.T.);
#132=FACE_OUTER_BOUND('',#216,.T.);
#133=FACE_OUTER_BOUND('',#217,.T.);
#134=FACE_OUTER_BOUND('',#218,.T.);
#135=FACE_OUTER_BOUND('',#219,.T.);
#136=FACE_OUTER_BOUND('',#220,.T.);
#137=FACE_OUTER_BOUND('',#221,.T.);
#138=FACE_OUTER_BOUND('',#222,.T.);
#139=FACE_OUTER_BOUND('',#223,.T.);
#140=EDGE_LOOP('',(#898,#899,#900,#901));
#141=EDGE_LOOP('',(#902,#903,#904,#905));
#142=EDGE_LOOP('',(#906,#907,#908,#909));
#143=EDGE_LOOP('',(#910,#911,#912,#913));
#144=EDGE_LOOP('',(#914,#915,#916,#917));
#145=EDGE_LOOP('',(#918,#919,#920,#921));
#146=EDGE_LOOP('',(#922,#923,#924,#925));
#147=EDGE_LOOP('',(#926,#927,#928,#929));
#148=EDGE_LOOP('',(#930,#931,#932,#933));
#149=EDGE_LOOP('',(#934,#935,#936,#937));
#150=EDGE_LOOP('',(#938,#939,#940,#941));
#151=EDGE_LOOP('',(#942,#943,#944,#945));
#152=EDGE_LOOP('',(#946,#947,#948,#949));
#153=EDGE_LOOP('',(#950,#951,#952,#953));
#154=EDGE_LOOP('',(#954,#955,#956,#957));
#155=EDGE_LOOP('',(#958,#959,#960,#961));
#156=EDGE_LOOP('',(#962,#963,#964,#965));
#157=EDGE_LOOP('',(#966,#967,#968,#969));
#158=EDGE_LOOP('',(#970,#971,#972,#973));
#159=EDGE_LOOP('',(#974,#975,#976,#977));
#160=EDGE_LOOP('',(#978,#979,#980,#981));
#161=EDGE_LOOP('',(#982,#983,#984,#985));
#162=EDGE_LOOP('',(#986,#987,#988,#989));
#163=EDGE_LOOP('',(#990,#991,#992,#993));
#164=EDGE_LOOP('',(#994,#995,#996,#997));
#165=EDGE_LOOP('',(#998,#999,#1000,#1001,#1002,#1003,#1004,#1005,#1006,
#1007,#1008,#1009,#1010,#1011,#1012,#1013,#1014,#1015,#1016,#1017,#1018,
#1019,#1020,#1021,#1022,#1023,#1024,#1025));
#166=EDGE_LOOP('',(#1026,#1027,#1028,#1029,#1030,#1031,#1032,#1033,#1034,
#1035,#1036,#1037,#1038,#1039,#1040,#1041,#1042,#1043,#1044,#1045,#1046,
#1047,#1048,#1049,#1050,#1051,#1052,#1053));
#167=EDGE_LOOP('',(#1054,#1055,#1056,#1057));
#168=EDGE_LOOP('',(#1058,#1059,#1060,#1061,#1062,#1063));
#169=EDGE_LOOP('',(#1064,#1065,#1066,#1067,#1068));
#170=EDGE_LOOP('',(#1069,#1070,#1071,#1072,#1073));
#171=EDGE_LOOP('',(#1074,#1075,#1076,#1077));
#172=EDGE_LOOP('',(#1078,#1079,#1080,#1081,#1082,#1083,#1084,#1085,#1086));
#173=EDGE_LOOP('',(#1087,#1088,#1089,#1090));
#174=EDGE_LOOP('',(#1091,#1092,#1093,#1094,#1095,#1096,#1097,#1098,#1099));
#175=EDGE_LOOP('',(#1100,#1101,#1102,#1103));
#176=EDGE_LOOP('',(#1104,#1105,#1106,#1107));
#177=EDGE_LOOP('',(#1108,#1109,#1110,#1111));
#178=EDGE_LOOP('',(#1112,#1113,#1114,#1115,#1116));
#179=EDGE_LOOP('',(#1117,#1118,#1119,#1120));
#180=EDGE_LOOP('',(#1121,#1122,#1123,#1124));
#181=EDGE_LOOP('',(#1125,#1126,#1127,#1128));
#182=EDGE_LOOP('',(#1129,#1130,#1131,#1132));
#183=EDGE_LOOP('',(#1133,#1134,#1135,#1136));
#184=EDGE_LOOP('',(#1137,#1138,#1139,#1140));
#185=EDGE_LOOP('',(#1141,#1142,#1143,#1144));
#186=EDGE_LOOP('',(#1145));
#187=EDGE_LOOP('',(#1146,#1147,#1148,#1149,#1150));
#188=EDGE_LOOP('',(#1151,#1152,#1153,#1154));
#189=EDGE_LOOP('',(#1155));
#190=EDGE_LOOP('',(#1156));
#191=EDGE_LOOP('',(#1157,#1158,#1159,#1160,#1161,#1162,#1163,#1164,#1165,
#1166,#1167,#1168,#1169));
#192=EDGE_LOOP('',(#1170));
#193=EDGE_LOOP('',(#1171));
#194=EDGE_LOOP('',(#1172,#1173,#1174,#1175,#1176,#1177));
#195=EDGE_LOOP('',(#1178,#1179,#1180,#1181));
#196=EDGE_LOOP('',(#1182,#1183,#1184,#1185,#1186,#1187));
#197=EDGE_LOOP('',(#1188,#1189,#1190,#1191));
#198=EDGE_LOOP('',(#1192,#1193,#1194,#1195,#1196,#1197,#1198,#1199));
#199=EDGE_LOOP('',(#1200,#1201,#1202,#1203,#1204,#1205,#1206,#1207,#1208,
#1209,#1210,#1211));
#200=EDGE_LOOP('',(#1212));
#201=EDGE_LOOP('',(#1213,#1214,#1215,#1216));
#202=EDGE_LOOP('',(#1217,#1218,#1219,#1220,#1221,#1222,#1223,#1224,#1225,
#1226));
#203=EDGE_LOOP('',(#1227,#1228,#1229,#1230,#1231,#1232,#1233,#1234));
#204=EDGE_LOOP('',(#1235,#1236,#1237,#1238));
#205=EDGE_LOOP('',(#1239,#1240,#1241,#1242,#1243,#1244,#1245,#1246,#1247,
#1248,#1249));
#206=EDGE_LOOP('',(#1250,#1251,#1252,#1253));
#207=EDGE_LOOP('',(#1254,#1255,#1256,#1257,#1258,#1259,#1260,#1261));
#208=EDGE_LOOP('',(#1262,#1263,#1264,#1265));
#209=EDGE_LOOP('',(#1266,#1267,#1268,#1269));
#210=EDGE_LOOP('',(#1270));
#211=EDGE_LOOP('',(#1271));
#212=EDGE_LOOP('',(#1272,#1273,#1274,#1275));
#213=EDGE_LOOP('',(#1276));
#214=EDGE_LOOP('',(#1277));
#215=EDGE_LOOP('',(#1278,#1279,#1280,#1281));
#216=EDGE_LOOP('',(#1282,#1283,#1284,#1285));
#217=EDGE_LOOP('',(#1286,#1287,#1288,#1289,#1290,#1291));
#218=EDGE_LOOP('',(#1292,#1293,#1294,#1295));
#219=EDGE_LOOP('',(#1296,#1297,#1298,#1299));
#220=EDGE_LOOP('',(#1300,#1301,#1302,#1303));
#221=EDGE_LOOP('',(#1304,#1305,#1306,#1307));
#222=EDGE_LOOP('',(#1308,#1309,#1310,#1311));
#223=EDGE_LOOP('',(#1312,#1313,#1314,#1315));
#224=CIRCLE('',#1442,1.2645);
#225=CIRCLE('',#1454,1.2645);
#226=CIRCLE('',#1456,1.543);
#227=CIRCLE('',#1468,1.543);
#228=CIRCLE('',#1476,1.);
#229=CIRCLE('',#1477,4.);
#230=CIRCLE('',#1478,0.999999999999999);
#231=CIRCLE('',#1481,1.);
#232=CIRCLE('',#1482,6.);
#233=CIRCLE('',#1483,0.999999999999999);
#234=CIRCLE('',#1485,2.);
#235=CIRCLE('',#1487,5.);
#236=CIRCLE('',#1489,2.);
#237=CIRCLE('',#1493,2.);
#238=CIRCLE('',#1495,3.);
#239=CIRCLE('',#1497,2.);
#240=CIRCLE('',#1500,0.899999999999999);
#241=CIRCLE('',#1501,1.7);
#242=CIRCLE('',#1503,1.7);
#243=CIRCLE('',#1506,5.);
#244=CIRCLE('',#1508,2.);
#245=CIRCLE('',#1509,2.);
#246=CIRCLE('',#1511,5.);
#247=CIRCLE('',#1512,5.);
#248=CIRCLE('',#1513,3.);
#249=CIRCLE('',#1514,5.);
#250=CIRCLE('',#1515,1.2);
#251=CIRCLE('',#1516,1.2);
#252=CIRCLE('',#1523,5.);
#253=CIRCLE('',#1524,3.);
#254=CIRCLE('',#1530,5.);
#255=CIRCLE('',#1531,5.);
#256=CIRCLE('',#1535,2.);
#257=CIRCLE('',#1537,1.2);
#258=CIRCLE('',#1539,2.);
#259=CIRCLE('',#1541,1.2);
#260=B_SPLINE_CURVE_WITH_KNOTS('',3,(#1896,#1897,#1898,#1899,#1900,#1901,
#1902,#1903,#1904,#1905,#1906,#1907,#1908),.UNSPECIFIED.,.F.,.F.,(4,3,3,
3,4),(-3.85260200436963,-2.97764600684277,-1.98509733789518,-0.992548668947589,
0.),.UNSPECIFIED.);
#261=B_SPLINE_CURVE_WITH_KNOTS('',3,(#1911,#1912,#1913,#1914,#1915,#1916,
#1917,#1918,#1919,#1920,#1921,#1922,#1923,#1924,#1925,#1926,#1927,#1928,
#1929),.UNSPECIFIED.,.F.,.F.,(4,3,3,3,3,3,4),(2.02057249175689,2.97764600684277,
3.97019467579036,4.96274334473794,5.95529201368554,6.94784068263312,7.59274844815666),
 .UNSPECIFIED.);
#262=B_SPLINE_CURVE_WITH_KNOTS('',3,(#1934,#1935,#1936,#1937,#1938,#1939,
#1940,#1941,#1942,#1943,#1944,#1945,#1946,#1947,#1948,#1949,#1950,#1951,
#1952,#1953,#1954,#1955,#1956,#1957,#1958),.UNSPECIFIED.,.F.,.F.,(4,3,3,
3,3,3,3,3,4),(-10.1357873115492,-9.92548668947589,-8.9329380205283,-7.94038935158071,
-6.94784068263312,-5.95529201368554,-4.96274334473795,-3.97019467579036,
-3.85260200436963),.UNSPECIFIED.);
#263=B_SPLINE_CURVE_WITH_KNOTS('',3,(#1959,#1960,#1961,#1962,#1963,#1964,
#1965,#1966,#1967,#1968,#1969,#1970,#1971,#1972,#1973,#1974,#1975,#1976,
#1977,#1978,#1979,#1980),.UNSPECIFIED.,.F.,.F.,(4,3,3,3,3,3,3,4),(7.59274844815666,
7.94038935158071,8.9329380205283,9.92548668947589,10.9180353584235,11.9105840273711,
12.9031326963187,13.8759337553362),.UNSPECIFIED.);
#264=B_SPLINE_CURVE_WITH_KNOTS('',3,(#1985,#1986,#1987,#1988,#1989,#1990,
#1991,#1992,#1993,#1994,#1995,#1996,#1997,#1998,#1999,#2000,#2001,#2002,
#2003,#2004,#2005,#2006),.UNSPECIFIED.,.F.,.F.,(4,3,3,3,3,3,3,4),(-16.4189726187288,
-15.8807787031614,-14.8882300342138,-13.8956813652662,-12.9031326963187,
-11.9105840273711,-10.9180353584235,-10.1357873115492),.UNSPECIFIED.);
#265=B_SPLINE_CURVE_WITH_KNOTS('',3,(#2007,#2008,#2009,#2010,#2011,#2012,
#2013,#2014,#2015,#2016,#2017,#2018,#2019,#2020,#2021,#2022,#2023,#2024,
#2025,#2026,#2027,#2028,#2029,#2030,#2031),.UNSPECIFIED.,.F.,.F.,(4,3,3,
3,3,3,3,3,4),(13.8759337553362,13.8956813652662,14.8882300342138,15.8807787031614,
16.873327372109,17.8658760410566,18.8584247100042,19.8509733789518,20.1591190625158),
 .UNSPECIFIED.);
#266=B_SPLINE_CURVE_WITH_KNOTS('',3,(#2036,#2037,#2038,#2039,#2040,#2041,
#2042,#2043,#2044,#2045,#2046,#2047,#2048,#2049,#2050,#2051,#2052,#2053,
#2054,#2055,#2056,#2057),.UNSPECIFIED.,.F.,.F.,(4,3,3,3,3,3,3,4),(-22.7021579259084,
-21.836070716847,-20.8435220478994,-19.8509733789518,-18.8584247100042,
-17.8658760410566,-16.873327372109,-16.4189726187288),.UNSPECIFIED.);
#267=B_SPLINE_CURVE_WITH_KNOTS('',3,(#2058,#2059,#2060,#2061,#2062,#2063,
#2064,#2065,#2066,#2067,#2068,#2069,#2070,#2071,#2072,#2073,#2074,#2075,
#2076,#2077,#2078,#2079),.UNSPECIFIED.,.F.,.F.,(4,3,3,3,3,3,3,4),(20.1591190625158,
20.8435220478994,21.836070716847,22.8286193857945,23.8211680547421,24.8137167236897,
25.8062653926373,26.4423043696954),.UNSPECIFIED.);
#268=B_SPLINE_CURVE_WITH_KNOTS('',3,(#2084,#2085,#2086,#2087,#2088,#2089,
#2090,#2091,#2092,#2093,#2094,#2095,#2096,#2097,#2098,#2099,#2100,#2101,
#2102,#2103,#2104,#2105,#2106,#2107,#2108),.UNSPECIFIED.,.F.,.F.,(4,3,3,
3,3,3,3,3,4),(-28.985343233088,-28.7839113994801,-27.7913627305325,-26.7988140615849,
-25.8062653926373,-24.8137167236897,-23.8211680547421,-22.8286193857945,
-22.7021579259084),.UNSPECIFIED.);
#269=B_SPLINE_CURVE_WITH_KNOTS('',3,(#2109,#2110,#2111,#2112,#2113,#2114,
#2115,#2116,#2117,#2118,#2119,#2120,#2121,#2122,#2123,#2124,#2125,#2126,
#2127,#2128,#2129,#2130),.UNSPECIFIED.,.F.,.F.,(4,3,3,3,3,3,3,4),(26.4423043696954,
26.7988140615849,27.7913627305325,28.7839113994801,29.7764600684277,30.7690087373753,
31.7615574063229,32.725489676875),.UNSPECIFIED.);
#270=B_SPLINE_CURVE_WITH_KNOTS('',3,(#2135,#2136,#2137,#2138,#2139,#2140,
#2141,#2142,#2143,#2144,#2145,#2146,#2147,#2148,#2149,#2150,#2151,#2152,
#2153,#2154,#2155,#2156),.UNSPECIFIED.,.F.,.F.,(4,3,3,3,3,3,3,4),(-35.2685285402676,
-34.7392034131656,-33.746654744218,-32.7541060752704,-31.7615574063229,
-30.7690087373753,-29.7764600684277,-28.985343233088),.UNSPECIFIED.);
#271=B_SPLINE_CURVE_WITH_KNOTS('',3,(#2157,#2158,#2159,#2160,#2161,#2162,
#2163,#2164,#2165,#2166,#2167,#2168,#2169,#2170,#2171,#2172,#2173,#2174,
#2175,#2176,#2177,#2178,#2179,#2180,#2181),.UNSPECIFIED.,.F.,.F.,(4,3,3,
3,3,3,3,3,4),(32.725489676875,32.7541060752704,33.746654744218,34.7392034131656,
35.7317520821132,36.7243007510608,37.7168494200084,38.709398088956,39.0086749840546),
 .UNSPECIFIED.);
#272=B_SPLINE_CURVE_WITH_KNOTS('',3,(#2186,#2187,#2188,#2189,#2190,#2191,
#2192,#2193,#2194,#2195,#2196,#2197,#2198,#2199,#2200,#2201,#2202,#2203,
#2204,#2205,#2206,#2207),.UNSPECIFIED.,.F.,.F.,(4,3,3,3,3,3,3,4),(-41.5517138474471,
-40.6944954268512,-39.7019467579036,-38.709398088956,-37.7168494200084,
-36.7243007510608,-35.7317520821132,-35.2685285402676),.UNSPECIFIED.);
#273=B_SPLINE_CURVE_WITH_KNOTS('',3,(#2208,#2209,#2210,#2211,#2212,#2213,
#2214,#2215,#2216,#2217,#2218,#2219,#2220,#2221,#2222,#2223,#2224,#2225,
#2226,#2227,#2228,#2229),.UNSPECIFIED.,.F.,.F.,(4,3,3,3,3,3,3,4),(39.0086749840546,
39.7019467579035,40.6944954268511,41.6870440957987,42.6795927647463,43.6721414336939,
44.6646901026415,45.2918602912342),.UNSPECIFIED.);
#274=B_SPLINE_CURVE_WITH_KNOTS('',3,(#2234,#2235,#2236,#2237,#2238,#2239,
#2240,#2241,#2242,#2243,#2244,#2245,#2246,#2247,#2248,#2249,#2250,#2251,
#2252,#2253,#2254,#2255,#2256,#2257,#2258),.UNSPECIFIED.,.F.,.F.,(4,3,3,
3,3,3,3,3,4),(-47.8348991546267,-47.6423361094843,-46.6497874405367,-45.6572387715891,
-44.6646901026415,-43.6721414336939,-42.6795927647463,-41.6870440957987,
-41.5517138474471),.UNSPECIFIED.);
#275=B_SPLINE_CURVE_WITH_KNOTS('',3,(#2259,#2260,#2261,#2262,#2263,#2264,
#2265,#2266,#2267,#2268,#2269,#2270,#2271,#2272,#2273,#2274,#2275,#2276,
#2277,#2278,#2279,#2280),.UNSPECIFIED.,.F.,.F.,(4,3,3,3,3,3,3,4),(45.2918602912342,
45.6572387715891,46.6497874405367,47.6423361094843,48.6348847784319,49.6274334473795,
50.619982116327,51.5750455984138),.UNSPECIFIED.);
#276=B_SPLINE_CURVE_WITH_KNOTS('',3,(#2285,#2286,#2287,#2288,#2289,#2290,
#2291,#2292,#2293,#2294,#2295,#2296,#2297,#2298,#2299,#2300,#2301,#2302,
#2303,#2304,#2305,#2306),.UNSPECIFIED.,.F.,.F.,(4,3,3,3,3,3,3,4),(-54.1180844618063,
-53.5976281231698,-52.6050794542222,-51.6125307852746,-50.6199821163271,
-49.6274334473795,-48.6348847784319,-47.8348991546267),.UNSPECIFIED.);
#277=B_SPLINE_CURVE_WITH_KNOTS('',3,(#2307,#2308,#2309,#2310,#2311,#2312,
#2313,#2314,#2315,#2316,#2317,#2318,#2319,#2320,#2321,#2322,#2323,#2324,
#2325,#2326,#2327,#2328,#2329,#2330,#2331),.UNSPECIFIED.,.F.,.F.,(4,3,3,
3,3,3,3,3,4),(51.5750455984138,51.6125307852747,52.6050794542222,53.5976281231698,
54.5901767921174,55.582725461065,56.5752741300126,57.5678227989602,57.8582309055934),
 .UNSPECIFIED.);
#278=B_SPLINE_CURVE_WITH_KNOTS('',3,(#2336,#2337,#2338,#2339,#2340,#2341,
#2342,#2343,#2344,#2345,#2346,#2347,#2348,#2349,#2350,#2351,#2352,#2353,
#2354,#2355,#2356,#2357),.UNSPECIFIED.,.F.,.F.,(4,3,3,3,3,3,3,4),(-60.4012697689859,
-59.5529201368554,-58.5603714679078,-57.5678227989602,-56.5752741300126,
-55.582725461065,-54.5901767921174,-54.1180844618063),.UNSPECIFIED.);
#279=B_SPLINE_CURVE_WITH_KNOTS('',3,(#2358,#2359,#2360,#2361,#2362,#2363,
#2364,#2365,#2366,#2367,#2368,#2369,#2370,#2371,#2372,#2373,#2374,#2375,
#2376,#2377,#2378,#2379),.UNSPECIFIED.,.F.,.F.,(4,3,3,3,3,3,3,4),(57.8582309055934,
58.5603714679078,59.5529201368553,60.5454688058029,61.5380174747505,62.5305661436981,
63.5231148126457,64.141416212773),.UNSPECIFIED.);
#280=B_SPLINE_CURVE_WITH_KNOTS('',3,(#2384,#2385,#2386,#2387,#2388,#2389,
#2390,#2391,#2392,#2393,#2394,#2395,#2396,#2397,#2398,#2399,#2400,#2401,
#2402,#2403,#2404,#2405,#2406,#2407,#2408),.UNSPECIFIED.,.F.,.F.,(4,3,3,
3,3,3,3,3,4),(-66.6844550761655,-66.5007608194885,-65.5082121505409,-64.5156634815933,
-63.5231148126457,-62.5305661436981,-61.5380174747505,-60.545468805803,
-60.4012697689859),.UNSPECIFIED.);
#281=B_SPLINE_CURVE_WITH_KNOTS('',3,(#2409,#2410,#2411,#2412,#2413,#2414,
#2415,#2416,#2417,#2418,#2419,#2420,#2421,#2422,#2423,#2424,#2425,#2426,
#2427,#2428,#2429,#2430),.UNSPECIFIED.,.F.,.F.,(4,3,3,3,3,3,3,4),(64.141416212773,
64.5156634815933,65.5082121505409,66.5007608194885,67.493309488436,68.4858581573836,
69.4784068263312,70.4246015199526),.UNSPECIFIED.);
#282=B_SPLINE_CURVE_WITH_KNOTS('',3,(#2436,#2437,#2438,#2439),
 .UNSPECIFIED.,.F.,.F.,(4,4),(76.7077868271321,77.418796177912),
 .UNSPECIFIED.);
#283=B_SPLINE_CURVE_WITH_KNOTS('',3,(#2442,#2443,#2444,#2445,#2446,#2447,
#2448,#2449,#2450,#2451),.UNSPECIFIED.,.F.,.F.,(4,3,3,4),(-75.3982236861551,
-74.4411501710692,-73.4486015021216,-72.9676403833451),.UNSPECIFIED.);
#284=B_SPLINE_CURVE_WITH_KNOTS('',3,(#2457,#2458,#2459,#2460,#2461,#2462,
#2463,#2464),.UNSPECIFIED.,.F.,.F.,(4,1,1,1,1,4),(84.8230016469244,85.3039627657009,
86.2965114346485,87.2890601035961,88.2816087725436,89.2741574414912),
 .UNSPECIFIED.);
#285=B_SPLINE_CURVE_WITH_KNOTS('',3,(#2467,#2468,#2469,#2470,#2471,#2472,
#2473,#2474,#2475),.UNSPECIFIED.,.F.,.F.,(4,1,1,1,1,1,4),(84.8230016469244,
84.8693556222506,85.8619042911982,86.8544529601458,87.8470016290934,88.839550298041,
89.7966238131268),.UNSPECIFIED.);
#286=B_SPLINE_CURVE_WITH_KNOTS('',3,(#2480,#2481,#2482,#2483,#2484,#2485,
#2486,#2487,#2488,#2489),.UNSPECIFIED.,.F.,.F.,(4,1,1,1,1,1,1,4),(78.5398163397448,
79.3486707520154,80.3412194209629,81.3337680899105,82.3263167588581,83.3188654278057,
84.3114140967533,84.8230016469244),.UNSPECIFIED.);
#287=B_SPLINE_CURVE_WITH_KNOTS('',3,(#2490,#2491,#2492,#2493,#2494,#2495,
#2496,#2497,#2498,#2499),.UNSPECIFIED.,.F.,.F.,(4,1,1,1,1,1,1,4),(78.5398163397448,
78.9140636085651,79.9066122775127,80.8991609464603,81.8917096154079,82.8842582843555,
83.876806953303,84.8230016469244),.UNSPECIFIED.);
#288=B_SPLINE_CURVE_WITH_KNOTS('',3,(#2504,#2505,#2506,#2507,#2508,#2509,
#2510,#2511,#2512,#2513,#2514),.UNSPECIFIED.,.F.,.F.,(4,1,1,1,1,1,1,1,4),
(72.2566310325652,72.4008300693822,73.3933787383298,74.3859274072774,75.378476076225,
76.3710247451726,77.3635734141202,78.3561220830678,78.5398163397448),
 .UNSPECIFIED.);
#289=B_SPLINE_CURVE_WITH_KNOTS('',3,(#2515,#2516,#2517,#2518,#2519,#2520,
#2521,#2522,#2523,#2524),.UNSPECIFIED.,.F.,.F.,(4,1,1,1,1,1,1,4),(72.2566310325652,
72.9587715948796,73.9513202638271,74.9438689327747,75.9364176017223,76.9289662706699,
77.9215149396175,78.5398163397448),.UNSPECIFIED.);
#290=B_SPLINE_CURVE_WITH_KNOTS('',3,(#2529,#2530,#2531,#2532,#2533,#2534,
#2535,#2536,#2537,#2538),.UNSPECIFIED.,.F.,.F.,(4,1,1,1,1,1,1,4),(65.9734457253856,
66.4455380556967,67.4380867246443,68.4306353935919,69.4231840625395,70.4157327314871,
71.4082814004346,72.2566310325652),.UNSPECIFIED.);
#291=B_SPLINE_CURVE_WITH_KNOTS('',3,(#2539,#2540,#2541,#2542,#2543,#2544,
#2545,#2546,#2547,#2548,#2549),.UNSPECIFIED.,.F.,.F.,(4,1,1,1,1,1,1,1,4),
(65.9734457253856,66.0109309122464,67.003479581194,67.9960282501416,68.9885769190892,
69.9811255880368,70.9736742569844,71.966222925932,72.2566310325652),
 .UNSPECIFIED.);
#292=B_SPLINE_CURVE_WITH_KNOTS('',3,(#2554,#2555,#2556,#2557,#2558,#2559,
#2560,#2561,#2562,#2563),.UNSPECIFIED.,.F.,.F.,(4,1,1,1,1,1,1,4),(59.690260418206,
60.4902460420112,61.4827947109587,62.4753433799063,63.4678920488539,64.4604407178015,
65.4529893867491,65.9734457253856),.UNSPECIFIED.);
#293=B_SPLINE_CURVE_WITH_KNOTS('',3,(#2564,#2565,#2566,#2567,#2568,#2569,
#2570,#2571,#2572,#2573),.UNSPECIFIED.,.F.,.F.,(4,1,1,1,1,1,1,4),(59.690260418206,
60.0556388985609,61.0481875675085,62.0407362364561,63.0332849054037,64.0258335743513,
65.0183822432988,65.9734457253856),.UNSPECIFIED.);
#294=B_SPLINE_CURVE_WITH_KNOTS('',3,(#2578,#2579,#2580,#2581,#2582,#2583,
#2584,#2585,#2586,#2587,#2588),.UNSPECIFIED.,.F.,.F.,(4,1,1,1,1,1,1,1,4),
(53.4070751110264,53.542405359378,54.5349540283256,55.5275026972732,56.5200513662208,
57.5126000351684,58.505148704116,59.4976973730636,59.690260418206),
 .UNSPECIFIED.);
#295=B_SPLINE_CURVE_WITH_KNOTS('',3,(#2589,#2590,#2591,#2592,#2593,#2594,
#2595,#2596,#2597,#2598),.UNSPECIFIED.,.F.,.F.,(4,1,1,1,1,1,1,4),(53.4070751110264,
54.1003468848754,55.0928955538229,56.0854442227705,57.0779928917181,58.0705415606657,
59.0630902296133,59.690260418206),.UNSPECIFIED.);
#296=B_SPLINE_CURVE_WITH_KNOTS('',3,(#2603,#2604,#2605,#2606,#2607,#2608,
#2609,#2610,#2611,#2612),.UNSPECIFIED.,.F.,.F.,(4,1,1,1,1,1,1,4),(47.1238898038468,
47.5871133456925,48.5796620146401,49.5722106835877,50.5647593525353,51.5573080214829,
52.5498566904304,53.4070751110264),.UNSPECIFIED.);
#297=B_SPLINE_CURVE_WITH_KNOTS('',3,(#2613,#2614,#2615,#2616,#2617,#2618,
#2619,#2620,#2621,#2622,#2623),.UNSPECIFIED.,.F.,.F.,(4,1,1,1,1,1,1,1,4),
(47.1238898038468,47.1525062022422,48.1450548711898,49.1376035401374,50.130152209085,
51.1227008780326,52.1152495469802,53.1077982159278,53.4070751110264),
 .UNSPECIFIED.);
#298=B_SPLINE_CURVE_WITH_KNOTS('',3,(#2628,#2629,#2630,#2631,#2632,#2633,
#2634,#2635,#2636,#2637),.UNSPECIFIED.,.F.,.F.,(4,1,1,1,1,1,1,4),(40.8407044966673,
41.631821332007,42.6243700009546,43.6169186699021,44.6094673388497,45.6020160077973,
46.5945646767449,47.1238898038468),.UNSPECIFIED.);
#299=B_SPLINE_CURVE_WITH_KNOTS('',3,(#2638,#2639,#2640,#2641,#2642,#2643,
#2644,#2645,#2646,#2647),.UNSPECIFIED.,.F.,.F.,(4,1,1,1,1,1,1,4),(40.8407044966673,
41.1972141885567,42.1897628575043,43.1823115264519,44.1748601953995,45.1674088643471,
46.1599575332947,47.1238898038468),.UNSPECIFIED.);
#300=B_SPLINE_CURVE_WITH_KNOTS('',3,(#2652,#2653,#2654,#2655,#2656,#2657,
#2658,#2659,#2660,#2661,#2662),.UNSPECIFIED.,.F.,.F.,(4,1,1,1,1,1,1,1,4),
(34.5575191894877,34.6839806493738,35.6765293183214,36.669077987269,37.6616266562166,
38.6541753251642,39.6467239941118,40.6392726630594,40.8407044966673),
 .UNSPECIFIED.);
#301=B_SPLINE_CURVE_WITH_KNOTS('',3,(#2663,#2664,#2665,#2666,#2667,#2668,
#2669,#2670,#2671,#2672),.UNSPECIFIED.,.F.,.F.,(4,1,1,1,1,1,1,4),(34.5575191894877,
35.2419221748712,36.2344708438188,37.2270195127663,38.2195681817139,39.2121168506615,
40.2046655196091,40.8407044966673),.UNSPECIFIED.);
#302=B_SPLINE_CURVE_WITH_KNOTS('',3,(#2677,#2678,#2679,#2680,#2681,#2682,
#2683,#2684,#2685,#2686),.UNSPECIFIED.,.F.,.F.,(4,1,1,1,1,1,1,4),(28.2743338823081,
28.7286886356883,29.7212373046359,30.7137859735835,31.7063346425311,32.6988833114787,
33.6914319804263,34.5575191894877),.UNSPECIFIED.);
#303=B_SPLINE_CURVE_WITH_KNOTS('',3,(#2687,#2688,#2689,#2690,#2691,#2692,
#2693,#2694,#2695,#2696,#2697),.UNSPECIFIED.,.F.,.F.,(4,1,1,1,1,1,1,1,4),
(28.2743338823081,28.294081492238,29.2866301611856,30.2791788301332,31.2717274990808,
32.2642761680284,33.256824836976,34.2493735059236,34.5575191894877),
 .UNSPECIFIED.);
#304=B_SPLINE_CURVE_WITH_KNOTS('',3,(#2702,#2703,#2704,#2705,#2706,#2707,
#2708,#2709,#2710,#2711),.UNSPECIFIED.,.F.,.F.,(4,1,1,1,1,1,1,4),(21.9911485751285,
22.7733966220028,23.7659452909504,24.7584939598979,25.7510426288455,26.7435912977931,
27.7361399667407,28.2743338823081),.UNSPECIFIED.);
#305=B_SPLINE_CURVE_WITH_KNOTS('',3,(#2712,#2713,#2714,#2715,#2716,#2717,
#2718,#2719,#2720,#2721),.UNSPECIFIED.,.F.,.F.,(4,1,1,1,1,1,1,4),(21.9911485751285,
22.3387894785525,23.3313381475001,24.3238868164477,25.3164354853953,26.3089841543429,
27.3015328232905,28.2743338823081),.UNSPECIFIED.);
#306=B_SPLINE_CURVE_WITH_KNOTS('',3,(#2727,#2728,#2729,#2730,#2731),
 .UNSPECIFIED.,.F.,.F.,(4,1,4),(14.3984001269718,15.3909487959194,15.7079632679489),
 .UNSPECIFIED.);
#307=B_SPLINE_CURVE_WITH_KNOTS('',3,(#2734,#2735,#2736,#2737,#2738),
 .UNSPECIFIED.,.F.,.F.,(4,1,4),(13.8759337553362,14.8330072704221,15.7079632679489),
 .UNSPECIFIED.);
#308=B_SPLINE_CURVE_WITH_KNOTS('',3,(#2740,#2741,#2742,#2743,#2744,#2745,
#2746,#2747,#2748,#2749,#2750),.UNSPECIFIED.,.F.,.F.,(4,1,1,1,1,1,1,1,4),
(15.7079632679489,15.8255559393696,16.8181046083172,17.8106532772648,18.8032019462124,
19.79575061516,20.7882992841076,21.7808479530552,21.9911485751285),
 .UNSPECIFIED.);
#309=B_SPLINE_CURVE_WITH_KNOTS('',3,(#2751,#2752,#2753,#2754,#2755,#2756,
#2757,#2758,#2759,#2760),.UNSPECIFIED.,.F.,.F.,(4,1,1,1,1,1,1,4),(15.7079632679489,
16.383497464867,17.3760461338146,18.3685948027622,19.3611434717097,20.3536921406573,
21.3462408096049,21.9911485751285),.UNSPECIFIED.);
#310=B_SPLINE_CURVE_WITH_KNOTS('',3,(#3085,#3086,#3087,#3088,#3089,#3090,
#3091,#3092,#3093,#3094,#3095,#3096,#3097,#3098,#3099,#3100,#3101,#3102,
#3103,#3104,#3105,#3106,#3107,#3108,#3109,#3110,#3111,#3112,#3113,#3114,
#3115,#3116,#3117,#3118,#3119,#3120,#3121,#3122,#3123,#3124,#3125,#3126,
#3127,#3128,#3129,#3130,#3131,#3132,#3133,#3134,#3135,#3136,#3137,#3138,
#3139,#3140,#3141,#3142,#3143,#3144,#3145,#3146,#3147,#3148,#3149,#3150,
#3151,#3152,#3153,#3154,#3155,#3156,#3157,#3158,#3159,#3160,#3161,#3162,
#3163),.UNSPECIFIED.,.F.,.F.,(4,3,3,3,3,3,3,3,3,3,3,3,3,3,3,3,3,3,3,3,3,
3,3,3,3,3,4),(0.,0.0184525739876076,0.0366936411176491,0.0505595099655506,
0.0579228769138626,0.0611008385699938,0.078854716354847,0.0962462555135627,
0.109089839610387,0.115649931462735,0.119082498447255,0.135920986064725,
0.147620591900861,0.164394003209407,0.169301551198371,0.173073319646638,
0.189843208908022,0.20659994078806,0.216988607501759,0.222354628842412,
0.226271141754982,0.242362529107148,0.253091936436294,0.258078099753248,
0.273543014620081,0.28180788236923,0.286347380332258),.UNSPECIFIED.);
#311=B_SPLINE_CURVE_WITH_KNOTS('',3,(#3164,#3165,#3166,#3167,#3168,#3169,
#3170,#3171,#3172,#3173,#3174,#3175,#3176,#3177,#3178,#3179,#3180,#3181,
#3182,#3183,#3184,#3185,#3186,#3187,#3188,#3189,#3190,#3191,#3192,#3193,
#3194,#3195,#3196,#3197,#3198,#3199,#3200,#3201,#3202,#3203,#3204,#3205,
#3206,#3207,#3208,#3209,#3210,#3211,#3212,#3213,#3214,#3215,#3216,#3217,
#3218,#3219,#3220,#3221,#3222,#3223,#3224,#3225,#3226,#3227,#3228,#3229,
#3230,#3231,#3232,#3233,#3234,#3235,#3236,#3237,#3238,#3239,#3240,#3241,
#3242),.UNSPECIFIED.,.F.,.F.,(4,3,3,3,3,3,3,3,3,3,3,3,3,3,3,3,3,3,3,3,3,
3,3,3,3,3,4),(-0.286347380332232,-0.271024759580594,-0.260260484833921,
-0.255683558629712,-0.251890291068823,-0.23569794814358,-0.229319919652692,
-0.22524390541466,-0.221672213596888,-0.204418426749279,-0.187631225371583,
-0.1788876855803,-0.173781851168098,-0.170675311826109,-0.152657066206452,
-0.136073338286861,-0.119750652672379,-0.116524060377728,-0.113615701904963,
-0.0962949809001973,-0.0786000096933913,-0.060322970612795,-0.0569832019651643,
-0.0387621225631537,-0.020709928397834,-0.00549185337100601,0.),
 .UNSPECIFIED.);
#312=B_SPLINE_CURVE_WITH_KNOTS('',3,(#3243,#3244,#3245,#3246,#3247,#3248,
#3249,#3250,#3251,#3252,#3253,#3254,#3255,#3256,#3257,#3258,#3259,#3260,
#3261,#3262,#3263,#3264),.UNSPECIFIED.,.F.,.F.,(4,3,3,3,3,3,3,4),(-72.9676403833451,
-72.456052833174,-71.4635041642264,-70.4709554952788,-69.4784068263312,
-68.4858581573837,-67.4933094884361,-66.6844550761655),.UNSPECIFIED.);
#313=B_SPLINE_CURVE_WITH_KNOTS('',3,(#3589,#3590,#3591,#3592,#3593,#3594,
#3595,#3596,#3597,#3598,#3599,#3600,#3601,#3602,#3603,#3604,#3605,#3606,
#3607,#3608,#3609,#3610,#3611,#3612,#3613,#3614,#3615,#3616,#3617,#3618,
#3619,#3620,#3621,#3622,#3623,#3624,#3625,#3626,#3627,#3628,#3629,#3630,
#3631,#3632,#3633,#3634,#3635,#3636,#3637,#3638,#3639,#3640,#3641,#3642,
#3643,#3644,#3645,#3646,#3647,#3648,#3649,#3650,#3651,#3652,#3653,#3654,
#3655,#3656,#3657,#3658,#3659,#3660,#3661,#3662,#3663,#3664,#3665,#3666,
#3667,#3668,#3669,#3670),.UNSPECIFIED.,.F.,.F.,(4,3,3,3,3,3,3,3,3,3,3,3,
3,3,3,3,3,3,3,3,3,3,3,3,3,3,3,4),(0.,0.0151386852635115,0.0309573805376575,
0.0437478211898285,0.0494782719370258,0.0520831002090078,0.0683876464283912,
0.0849976462564052,0.0970684611310601,0.101411666901125,0.104350520120656,
0.12142859510066,0.133280905755025,0.149917170795011,0.154479246197542,
0.158580029861316,0.175608466562427,0.193044209856634,0.203872856048004,
0.209255765148617,0.212641050925272,0.215913351029811,0.23391160568638,
0.246349608216753,0.2513500092229,0.269540070933147,0.279673379387595,0.285142803995161),
 .UNSPECIFIED.);
#314=B_SPLINE_CURVE_WITH_KNOTS('',3,(#3671,#3672,#3673,#3674,#3675,#3676,
#3677,#3678,#3679,#3680,#3681,#3682,#3683,#3684,#3685,#3686,#3687,#3688,
#3689,#3690,#3691,#3692,#3693,#3694,#3695),.UNSPECIFIED.,.F.,.F.,(4,3,3,
3,3,3,3,3,4),(70.4246015199526,70.4709554952788,71.4635041642264,72.456052833174,
73.4486015021216,74.4411501710692,75.4336988400168,76.4262475089644,76.7077868271321),
 .UNSPECIFIED.);
#315=B_SPLINE_CURVE_WITH_KNOTS('',3,(#3696,#3697,#3698,#3699,#3700,#3701,
#3702,#3703,#3704,#3705,#3706,#3707,#3708,#3709,#3710,#3711,#3712,#3713,
#3714,#3715,#3716,#3717,#3718,#3719,#3720,#3721,#3722,#3723,#3724,#3725,
#3726,#3727,#3728,#3729,#3730,#3731,#3732,#3733,#3734,#3735,#3736,#3737,
#3738,#3739,#3740,#3741,#3742,#3743,#3744,#3745,#3746,#3747,#3748,#3749,
#3750,#3751,#3752,#3753,#3754,#3755,#3756,#3757,#3758,#3759,#3760,#3761,
#3762,#3763,#3764,#3765,#3766,#3767,#3768,#3769,#3770,#3771),
 .UNSPECIFIED.,.F.,.F.,(4,3,3,3,3,3,3,3,3,3,3,3,3,3,3,3,3,3,3,3,3,3,3,3,
3,4),(-0.28514280399516,-0.266786970960547,-0.249459301527971,-0.245930324924688,
-0.227952093843184,-0.216745099577567,-0.213165916317442,-0.209768405428913,
-0.191900339001248,-0.174770293887354,-0.16527755198585,-0.157083984211133,
-0.154372296431274,-0.138296139718254,-0.121204609536165,-0.106619583983903,
-0.103097288539225,-0.100149610335843,-0.0835391959400296,-0.0670244582469226,
-0.0511044097010582,-0.0481549349740743,-0.0322419389926729,-0.016885233192427,
-0.00452440511807025,0.),.UNSPECIFIED.);
#316=LINE('',#1894,#433);
#317=LINE('',#1933,#434);
#318=LINE('',#1984,#435);
#319=LINE('',#2035,#436);
#320=LINE('',#2083,#437);
#321=LINE('',#2134,#438);
#322=LINE('',#2185,#439);
#323=LINE('',#2233,#440);
#324=LINE('',#2284,#441);
#325=LINE('',#2335,#442);
#326=LINE('',#2383,#443);
#327=LINE('',#2434,#444);
#328=LINE('',#2455,#445);
#329=LINE('',#2479,#446);
#330=LINE('',#2503,#447);
#331=LINE('',#2528,#448);
#332=LINE('',#2553,#449);
#333=LINE('',#2577,#450);
#334=LINE('',#2602,#451);
#335=LINE('',#2627,#452);
#336=LINE('',#2651,#453);
#337=LINE('',#2676,#454);
#338=LINE('',#2701,#455);
#339=LINE('',#2725,#456);
#340=LINE('',#3775,#457);
#341=LINE('',#3777,#458);
#342=LINE('',#3779,#459);
#343=LINE('',#3780,#460);
#344=LINE('',#3783,#461);
#345=LINE('',#3785,#462);
#346=LINE('',#3787,#463);
#347=LINE('',#3789,#464);
#348=LINE('',#3790,#465);
#349=LINE('',#3794,#466);
#350=LINE('',#3796,#467);
#351=LINE('',#3798,#468);
#352=LINE('',#3800,#469);
#353=LINE('',#3801,#470);
#354=LINE('',#3804,#471);
#355=LINE('',#3805,#472);
#356=LINE('',#3806,#473);
#357=LINE('',#3810,#474);
#358=LINE('',#3812,#475);
#359=LINE('',#3814,#476);
#360=LINE('',#3815,#477);
#361=LINE('',#3818,#478);
#362=LINE('',#3820,#479);
#363=LINE('',#3822,#480);
#364=LINE('',#3830,#481);
#365=LINE('',#3831,#482);
#366=LINE('',#3835,#483);
#367=LINE('',#3836,#484);
#368=LINE('',#3837,#485);
#369=LINE('',#3840,#486);
#370=LINE('',#3847,#487);
#371=LINE('',#3850,#488);
#372=LINE('',#3853,#489);
#373=LINE('',#3857,#490);
#374=LINE('',#3860,#491);
#375=LINE('',#3863,#492);
#376=LINE('',#3866,#493);
#377=LINE('',#3868,#494);
#378=LINE('',#3869,#495);
#379=LINE('',#3872,#496);
#380=LINE('',#3876,#497);
#381=LINE('',#3880,#498);
#382=LINE('',#3884,#499);
#383=LINE('',#3885,#500);
#384=LINE('',#3890,#501);
#385=LINE('',#3894,#502);
#386=LINE('',#3900,#503);
#387=LINE('',#3902,#504);
#388=LINE('',#3906,#505);
#389=LINE('',#3907,#506);
#390=LINE('',#3911,#507);
#391=LINE('',#3913,#508);
#392=LINE('',#3915,#509);
#393=LINE('',#3916,#510);
#394=LINE('',#3923,#511);
#395=LINE('',#3927,#512);
#396=LINE('',#3931,#513);
#397=LINE('',#3935,#514);
#398=LINE('',#3938,#515);
#399=LINE('',#3944,#516);
#400=LINE('',#3946,#517);
#401=LINE('',#3947,#518);
#402=LINE('',#3950,#519);
#403=LINE('',#3951,#520);
#404=LINE('',#3954,#521);
#405=LINE('',#3955,#522);
#406=LINE('',#3958,#523);
#407=LINE('',#3959,#524);
#408=LINE('',#3961,#525);
#409=LINE('',#3963,#526);
#410=LINE('',#3964,#527);
#411=LINE('',#3969,#528);
#412=LINE('',#3972,#529);
#413=LINE('',#3975,#530);
#414=LINE('',#3976,#531);
#415=LINE('',#3978,#532);
#416=LINE('',#3979,#533);
#417=LINE('',#3982,#534);
#418=LINE('',#3983,#535);
#419=LINE('',#3987,#536);
#420=LINE('',#3991,#537);
#421=LINE('',#3994,#538);
#422=LINE('',#3996,#539);
#423=LINE('',#3997,#540);
#424=LINE('',#4002,#541);
#425=LINE('',#4009,#542);
#426=LINE('',#4014,#543);
#427=LINE('',#4016,#544);
#428=LINE('',#4018,#545);
#429=LINE('',#4020,#546);
#430=LINE('',#4022,#547);
#431=LINE('',#4024,#548);
#432=LINE('',#4027,#549);
#433=VECTOR('',#1555,1.7);
#434=VECTOR('',#1560,1.7);
#435=VECTOR('',#1563,1.7);
#436=VECTOR('',#1566,1.7);
#437=VECTOR('',#1569,1.7);
#438=VECTOR('',#1572,1.7);
#439=VECTOR('',#1575,1.7);
#440=VECTOR('',#1578,1.7);
#441=VECTOR('',#1581,1.7);
#442=VECTOR('',#1584,1.7);
#443=VECTOR('',#1587,1.7);
#444=VECTOR('',#1590,1.7);
#445=VECTOR('',#1595,1.543);
#446=VECTOR('',#1600,1.543);
#447=VECTOR('',#1603,1.543);
#448=VECTOR('',#1606,1.543);
#449=VECTOR('',#1609,1.543);
#450=VECTOR('',#1612,1.543);
#451=VECTOR('',#1615,1.543);
#452=VECTOR('',#1618,1.543);
#453=VECTOR('',#1621,1.543);
#454=VECTOR('',#1624,1.543);
#455=VECTOR('',#1627,1.543);
#456=VECTOR('',#1630,1.543);
#457=VECTOR('',#1637,10.);
#458=VECTOR('',#1638,10.);
#459=VECTOR('',#1639,10.);
#460=VECTOR('',#1640,10.);
#461=VECTOR('',#1643,10.);
#462=VECTOR('',#1644,10.);
#463=VECTOR('',#1645,10.);
#464=VECTOR('',#1646,10.);
#465=VECTOR('',#1647,10.);
#466=VECTOR('',#1650,10.);
#467=VECTOR('',#1651,10.);
#468=VECTOR('',#1652,10.);
#469=VECTOR('',#1653,10.);
#470=VECTOR('',#1654,10.);
#471=VECTOR('',#1657,10.);
#472=VECTOR('',#1658,10.);
#473=VECTOR('',#1659,10.);
#474=VECTOR('',#1662,10.);
#475=VECTOR('',#1663,10.);
#476=VECTOR('',#1664,10.);
#477=VECTOR('',#1665,10.);
#478=VECTOR('',#1668,10.);
#479=VECTOR('',#1669,10.);
#480=VECTOR('',#1670,10.);
#481=VECTOR('',#1677,10.);
#482=VECTOR('',#1678,10.);
#483=VECTOR('',#1681,10.);
#484=VECTOR('',#1682,10.);
#485=VECTOR('',#1683,10.);
#486=VECTOR('',#1686,10.);
#487=VECTOR('',#1693,10.);
#488=VECTOR('',#1696,10.);
#489=VECTOR('',#1699,10.);
#490=VECTOR('',#1704,10.);
#491=VECTOR('',#1707,10.);
#492=VECTOR('',#1712,10.);
#493=VECTOR('',#1715,10.);
#494=VECTOR('',#1716,10.);
#495=VECTOR('',#1717,10.);
#496=VECTOR('',#1720,10.);
#497=VECTOR('',#1725,10.);
#498=VECTOR('',#1730,10.);
#499=VECTOR('',#1735,10.);
#500=VECTOR('',#1736,10.);
#501=VECTOR('',#1741,1.3);
#502=VECTOR('',#1746,1.7);
#503=VECTOR('',#1753,10.);
#504=VECTOR('',#1754,10.);
#505=VECTOR('',#1757,10.);
#506=VECTOR('',#1758,10.);
#507=VECTOR('',#1761,10.);
#508=VECTOR('',#1762,10.);
#509=VECTOR('',#1763,10.);
#510=VECTOR('',#1764,10.);
#511=VECTOR('',#1771,10.);
#512=VECTOR('',#1774,10.);
#513=VECTOR('',#1777,10.);
#514=VECTOR('',#1780,10.);
#515=VECTOR('',#1783,10.);
#516=VECTOR('',#1790,10.);
#517=VECTOR('',#1791,10.);
#518=VECTOR('',#1792,10.);
#519=VECTOR('',#1795,10.);
#520=VECTOR('',#1796,10.);
#521=VECTOR('',#1799,10.);
#522=VECTOR('',#1800,10.);
#523=VECTOR('',#1803,10.);
#524=VECTOR('',#1804,10.);
#525=VECTOR('',#1807,10.);
#526=VECTOR('',#1808,10.);
#527=VECTOR('',#1809,10.);
#528=VECTOR('',#1814,10.);
#529=VECTOR('',#1817,10.);
#530=VECTOR('',#1820,10.);
#531=VECTOR('',#1821,10.);
#532=VECTOR('',#1824,10.);
#533=VECTOR('',#1825,10.);
#534=VECTOR('',#1828,10.);
#535=VECTOR('',#1829,10.);
#536=VECTOR('',#1834,10.);
#537=VECTOR('',#1837,10.);
#538=VECTOR('',#1840,10.);
#539=VECTOR('',#1843,10.);
#540=VECTOR('',#1844,10.);
#541=VECTOR('',#1851,2.);
#542=VECTOR('',#1860,2.);
#543=VECTOR('',#1867,1.2);
#544=VECTOR('',#1870,1.2);
#545=VECTOR('',#1873,10.);
#546=VECTOR('',#1876,10.);
#547=VECTOR('',#1879,10.);
#548=VECTOR('',#1882,10.);
#549=VECTOR('',#1887,10.);
#550=VERTEX_POINT('',#1892);
#551=VERTEX_POINT('',#1893);
#552=VERTEX_POINT('',#1895);
#553=VERTEX_POINT('',#1909);
#554=VERTEX_POINT('',#1931);
#555=VERTEX_POINT('',#1932);
#556=VERTEX_POINT('',#1982);
#557=VERTEX_POINT('',#1983);
#558=VERTEX_POINT('',#2033);
#559=VERTEX_POINT('',#2034);
#560=VERTEX_POINT('',#2081);
#561=VERTEX_POINT('',#2082);
#562=VERTEX_POINT('',#2132);
#563=VERTEX_POINT('',#2133);
#564=VERTEX_POINT('',#2183);
#565=VERTEX_POINT('',#2184);
#566=VERTEX_POINT('',#2231);
#567=VERTEX_POINT('',#2232);
#568=VERTEX_POINT('',#2282);
#569=VERTEX_POINT('',#2283);
#570=VERTEX_POINT('',#2333);
#571=VERTEX_POINT('',#2334);
#572=VERTEX_POINT('',#2381);
#573=VERTEX_POINT('',#2382);
#574=VERTEX_POINT('',#2432);
#575=VERTEX_POINT('',#2433);
#576=VERTEX_POINT('',#2435);
#577=VERTEX_POINT('',#2440);
#578=VERTEX_POINT('',#2453);
#579=VERTEX_POINT('',#2454);
#580=VERTEX_POINT('',#2456);
#581=VERTEX_POINT('',#2465);
#582=VERTEX_POINT('',#2477);
#583=VERTEX_POINT('',#2478);
#584=VERTEX_POINT('',#2501);
#585=VERTEX_POINT('',#2502);
#586=VERTEX_POINT('',#2526);
#587=VERTEX_POINT('',#2527);
#588=VERTEX_POINT('',#2551);
#589=VERTEX_POINT('',#2552);
#590=VERTEX_POINT('',#2575);
#591=VERTEX_POINT('',#2576);
#592=VERTEX_POINT('',#2600);
#593=VERTEX_POINT('',#2601);
#594=VERTEX_POINT('',#2625);
#595=VERTEX_POINT('',#2626);
#596=VERTEX_POINT('',#2649);
#597=VERTEX_POINT('',#2650);
#598=VERTEX_POINT('',#2674);
#599=VERTEX_POINT('',#2675);
#600=VERTEX_POINT('',#2699);
#601=VERTEX_POINT('',#2700);
#602=VERTEX_POINT('',#2723);
#603=VERTEX_POINT('',#2724);
#604=VERTEX_POINT('',#2726);
#605=VERTEX_POINT('',#2732);
#606=VERTEX_POINT('',#3773);
#607=VERTEX_POINT('',#3774);
#608=VERTEX_POINT('',#3776);
#609=VERTEX_POINT('',#3778);
#610=VERTEX_POINT('',#3782);
#611=VERTEX_POINT('',#3784);
#612=VERTEX_POINT('',#3786);
#613=VERTEX_POINT('',#3788);
#614=VERTEX_POINT('',#3792);
#615=VERTEX_POINT('',#3793);
#616=VERTEX_POINT('',#3795);
#617=VERTEX_POINT('',#3797);
#618=VERTEX_POINT('',#3799);
#619=VERTEX_POINT('',#3803);
#620=VERTEX_POINT('',#3808);
#621=VERTEX_POINT('',#3809);
#622=VERTEX_POINT('',#3811);
#623=VERTEX_POINT('',#3813);
#624=VERTEX_POINT('',#3817);
#625=VERTEX_POINT('',#3819);
#626=VERTEX_POINT('',#3821);
#627=VERTEX_POINT('',#3823);
#628=VERTEX_POINT('',#3825);
#629=VERTEX_POINT('',#3827);
#630=VERTEX_POINT('',#3829);
#631=VERTEX_POINT('',#3833);
#632=VERTEX_POINT('',#3834);
#633=VERTEX_POINT('',#3839);
#634=VERTEX_POINT('',#3841);
#635=VERTEX_POINT('',#3843);
#636=VERTEX_POINT('',#3845);
#637=VERTEX_POINT('',#3849);
#638=VERTEX_POINT('',#3851);
#639=VERTEX_POINT('',#3855);
#640=VERTEX_POINT('',#3859);
#641=VERTEX_POINT('',#3865);
#642=VERTEX_POINT('',#3867);
#643=VERTEX_POINT('',#3871);
#644=VERTEX_POINT('',#3875);
#645=VERTEX_POINT('',#3879);
#646=VERTEX_POINT('',#3883);
#647=VERTEX_POINT('',#3887);
#648=VERTEX_POINT('',#3889);
#649=VERTEX_POINT('',#3893);
#650=VERTEX_POINT('',#3898);
#651=VERTEX_POINT('',#3899);
#652=VERTEX_POINT('',#3901);
#653=VERTEX_POINT('',#3903);
#654=VERTEX_POINT('',#3905);
#655=VERTEX_POINT('',#3909);
#656=VERTEX_POINT('',#3910);
#657=VERTEX_POINT('',#3912);
#658=VERTEX_POINT('',#3914);
#659=VERTEX_POINT('',#3917);
#660=VERTEX_POINT('',#3919);
#661=VERTEX_POINT('',#3922);
#662=VERTEX_POINT('',#3924);
#663=VERTEX_POINT('',#3926);
#664=VERTEX_POINT('',#3928);
#665=VERTEX_POINT('',#3930);
#666=VERTEX_POINT('',#3932);
#667=VERTEX_POINT('',#3934);
#668=VERTEX_POINT('',#3936);
#669=VERTEX_POINT('',#3939);
#670=VERTEX_POINT('',#3941);
#671=VERTEX_POINT('',#3945);
#672=VERTEX_POINT('',#3949);
#673=VERTEX_POINT('',#3953);
#674=VERTEX_POINT('',#3957);
#675=VERTEX_POINT('',#3962);
#676=VERTEX_POINT('',#3966);
#677=VERTEX_POINT('',#3968);
#678=VERTEX_POINT('',#3970);
#679=VERTEX_POINT('',#3974);
#680=VERTEX_POINT('',#3981);
#681=VERTEX_POINT('',#3986);
#682=VERTEX_POINT('',#3988);
#683=VERTEX_POINT('',#3990);
#684=VERTEX_POINT('',#3992);
#685=VERTEX_POINT('',#4000);
#686=VERTEX_POINT('',#4004);
#687=VERTEX_POINT('',#4007);
#688=VERTEX_POINT('',#4011);
#689=EDGE_CURVE('',#550,#551,#316,.T.);
#690=EDGE_CURVE('',#551,#552,#260,.T.);
#691=EDGE_CURVE('',#553,#552,#224,.T.);
#692=EDGE_CURVE('',#553,#550,#261,.T.);
#693=EDGE_CURVE('',#554,#555,#317,.T.);
#694=EDGE_CURVE('',#555,#551,#262,.T.);
#695=EDGE_CURVE('',#550,#554,#263,.T.);
#696=EDGE_CURVE('',#556,#557,#318,.T.);
#697=EDGE_CURVE('',#557,#555,#264,.T.);
#698=EDGE_CURVE('',#554,#556,#265,.T.);
#699=EDGE_CURVE('',#558,#559,#319,.T.);
#700=EDGE_CURVE('',#559,#557,#266,.T.);
#701=EDGE_CURVE('',#556,#558,#267,.T.);
#702=EDGE_CURVE('',#560,#561,#320,.T.);
#703=EDGE_CURVE('',#561,#559,#268,.T.);
#704=EDGE_CURVE('',#558,#560,#269,.T.);
#705=EDGE_CURVE('',#562,#563,#321,.T.);
#706=EDGE_CURVE('',#563,#561,#270,.T.);
#707=EDGE_CURVE('',#560,#562,#271,.T.);
#708=EDGE_CURVE('',#564,#565,#322,.T.);
#709=EDGE_CURVE('',#565,#563,#272,.T.);
#710=EDGE_CURVE('',#562,#564,#273,.T.);
#711=EDGE_CURVE('',#566,#567,#323,.T.);
#712=EDGE_CURVE('',#567,#565,#274,.T.);
#713=EDGE_CURVE('',#564,#566,#275,.T.);
#714=EDGE_CURVE('',#568,#569,#324,.T.);
#715=EDGE_CURVE('',#569,#567,#276,.T.);
#716=EDGE_CURVE('',#566,#568,#277,.T.);
#717=EDGE_CURVE('',#570,#571,#325,.T.);
#718=EDGE_CURVE('',#571,#569,#278,.T.);
#719=EDGE_CURVE('',#568,#570,#279,.T.);
#720=EDGE_CURVE('',#572,#573,#326,.T.);
#721=EDGE_CURVE('',#573,#571,#280,.T.);
#722=EDGE_CURVE('',#570,#572,#281,.T.);
#723=EDGE_CURVE('',#574,#575,#327,.T.);
#724=EDGE_CURVE('',#574,#576,#282,.T.);
#725=EDGE_CURVE('',#577,#576,#225,.F.);
#726=EDGE_CURVE('',#577,#575,#283,.T.);
#727=EDGE_CURVE('',#578,#579,#328,.T.);
#728=EDGE_CURVE('',#579,#580,#284,.T.);
#729=EDGE_CURVE('',#581,#580,#226,.T.);
#730=EDGE_CURVE('',#578,#581,#285,.T.);
#731=EDGE_CURVE('',#582,#583,#329,.T.);
#732=EDGE_CURVE('',#583,#579,#286,.T.);
#733=EDGE_CURVE('',#582,#578,#287,.T.);
#734=EDGE_CURVE('',#584,#585,#330,.T.);
#735=EDGE_CURVE('',#585,#583,#288,.T.);
#736=EDGE_CURVE('',#584,#582,#289,.T.);
#737=EDGE_CURVE('',#586,#587,#331,.T.);
#738=EDGE_CURVE('',#587,#585,#290,.T.);
#739=EDGE_CURVE('',#586,#584,#291,.T.);
#740=EDGE_CURVE('',#588,#589,#332,.T.);
#741=EDGE_CURVE('',#589,#587,#292,.T.);
#742=EDGE_CURVE('',#588,#586,#293,.T.);
#743=EDGE_CURVE('',#590,#591,#333,.T.);
#744=EDGE_CURVE('',#591,#589,#294,.T.);
#745=EDGE_CURVE('',#590,#588,#295,.T.);
#746=EDGE_CURVE('',#592,#593,#334,.T.);
#747=EDGE_CURVE('',#593,#591,#296,.T.);
#748=EDGE_CURVE('',#592,#590,#297,.T.);
#749=EDGE_CURVE('',#594,#595,#335,.T.);
#750=EDGE_CURVE('',#595,#593,#298,.T.);
#751=EDGE_CURVE('',#594,#592,#299,.T.);
#752=EDGE_CURVE('',#596,#597,#336,.T.);
#753=EDGE_CURVE('',#597,#595,#300,.T.);
#754=EDGE_CURVE('',#596,#594,#301,.T.);
#755=EDGE_CURVE('',#598,#599,#337,.T.);
#756=EDGE_CURVE('',#599,#597,#302,.T.);
#757=EDGE_CURVE('',#598,#596,#303,.T.);
#758=EDGE_CURVE('',#600,#601,#338,.T.);
#759=EDGE_CURVE('',#601,#599,#304,.T.);
#760=EDGE_CURVE('',#600,#598,#305,.T.);
#761=EDGE_CURVE('',#602,#603,#339,.T.);
#762=EDGE_CURVE('',#604,#602,#306,.T.);
#763=EDGE_CURVE('',#605,#604,#227,.T.);
#764=EDGE_CURVE('',#605,#603,#307,.T.);
#765=EDGE_CURVE('',#603,#601,#308,.T.);
#766=EDGE_CURVE('',#602,#600,#309,.T.);
#767=EDGE_CURVE('',#580,#577,#310,.T.);
#768=EDGE_CURVE('',#552,#605,#311,.T.);
#769=EDGE_CURVE('',#575,#573,#312,.T.);
#770=EDGE_CURVE('',#576,#581,#313,.T.);
#771=EDGE_CURVE('',#572,#574,#314,.T.);
#772=EDGE_CURVE('',#604,#553,#315,.T.);
#773=EDGE_CURVE('',#606,#607,#340,.T.);
#774=EDGE_CURVE('',#607,#608,#341,.T.);
#775=EDGE_CURVE('',#608,#609,#342,.T.);
#776=EDGE_CURVE('',#609,#606,#343,.T.);
#777=EDGE_CURVE('',#607,#610,#344,.T.);
#778=EDGE_CURVE('',#610,#611,#345,.T.);
#779=EDGE_CURVE('',#612,#611,#346,.T.);
#780=EDGE_CURVE('',#613,#612,#347,.T.);
#781=EDGE_CURVE('',#608,#613,#348,.T.);
#782=EDGE_CURVE('',#614,#615,#349,.F.);
#783=EDGE_CURVE('',#614,#616,#350,.T.);
#784=EDGE_CURVE('',#616,#617,#351,.T.);
#785=EDGE_CURVE('',#617,#618,#352,.T.);
#786=EDGE_CURVE('',#618,#615,#353,.T.);
#787=EDGE_CURVE('',#619,#609,#354,.T.);
#788=EDGE_CURVE('',#618,#619,#355,.T.);
#789=EDGE_CURVE('',#617,#606,#356,.T.);
#790=EDGE_CURVE('',#620,#621,#357,.T.);
#791=EDGE_CURVE('',#621,#622,#358,.T.);
#792=EDGE_CURVE('',#622,#623,#359,.T.);
#793=EDGE_CURVE('',#620,#623,#360,.T.);
#794=EDGE_CURVE('',#621,#624,#361,.T.);
#795=EDGE_CURVE('',#624,#625,#362,.T.);
#796=EDGE_CURVE('',#626,#625,#363,.T.);
#797=EDGE_CURVE('',#627,#626,#228,.T.);
#798=EDGE_CURVE('',#628,#627,#229,.T.);
#799=EDGE_CURVE('',#629,#628,#230,.T.);
#800=EDGE_CURVE('',#630,#629,#364,.T.);
#801=EDGE_CURVE('',#630,#622,#365,.T.);
#802=EDGE_CURVE('',#631,#632,#366,.T.);
#803=EDGE_CURVE('',#632,#613,#367,.T.);
#804=EDGE_CURVE('',#631,#612,#368,.T.);
#805=EDGE_CURVE('',#632,#633,#369,.T.);
#806=EDGE_CURVE('',#634,#633,#231,.T.);
#807=EDGE_CURVE('',#635,#634,#232,.T.);
#808=EDGE_CURVE('',#636,#635,#233,.T.);
#809=EDGE_CURVE('',#619,#636,#370,.T.);
#810=EDGE_CURVE('',#633,#637,#371,.T.);
#811=EDGE_CURVE('',#637,#638,#234,.T.);
#812=EDGE_CURVE('',#638,#634,#372,.T.);
#813=EDGE_CURVE('',#639,#638,#235,.T.);
#814=EDGE_CURVE('',#639,#635,#373,.T.);
#815=EDGE_CURVE('',#640,#636,#374,.T.);
#816=EDGE_CURVE('',#639,#640,#236,.T.);
#817=EDGE_CURVE('',#615,#640,#375,.T.);
#818=EDGE_CURVE('',#641,#630,#376,.T.);
#819=EDGE_CURVE('',#629,#642,#377,.T.);
#820=EDGE_CURVE('',#641,#642,#378,.T.);
#821=EDGE_CURVE('',#628,#643,#379,.T.);
#822=EDGE_CURVE('',#643,#642,#237,.T.);
#823=EDGE_CURVE('',#627,#644,#380,.T.);
#824=EDGE_CURVE('',#643,#644,#238,.T.);
#825=EDGE_CURVE('',#626,#645,#381,.T.);
#826=EDGE_CURVE('',#645,#644,#239,.T.);
#827=EDGE_CURVE('',#625,#646,#382,.T.);
#828=EDGE_CURVE('',#645,#646,#383,.T.);
#829=EDGE_CURVE('',#647,#647,#240,.T.);
#830=EDGE_CURVE('',#647,#648,#384,.T.);
#831=EDGE_CURVE('',#648,#648,#241,.T.);
#832=EDGE_CURVE('',#648,#649,#385,.T.);
#833=EDGE_CURVE('',#649,#649,#242,.T.);
#834=EDGE_CURVE('',#650,#651,#386,.T.);
#835=EDGE_CURVE('',#651,#652,#387,.T.);
#836=EDGE_CURVE('',#652,#653,#243,.T.);
#837=EDGE_CURVE('',#653,#654,#388,.T.);
#838=EDGE_CURVE('',#654,#650,#389,.T.);
#839=EDGE_CURVE('',#655,#656,#390,.T.);
#840=EDGE_CURVE('',#656,#657,#391,.T.);
#841=EDGE_CURVE('',#657,#658,#392,.T.);
#842=EDGE_CURVE('',#658,#655,#393,.T.);
#843=EDGE_CURVE('',#659,#659,#244,.T.);
#844=EDGE_CURVE('',#660,#660,#245,.T.);
#845=EDGE_CURVE('',#661,#616,#394,.T.);
#846=EDGE_CURVE('',#662,#661,#246,.T.);
#847=EDGE_CURVE('',#663,#662,#395,.T.);
#848=EDGE_CURVE('',#664,#663,#247,.T.);
#849=EDGE_CURVE('',#665,#664,#396,.T.);
#850=EDGE_CURVE('',#666,#665,#248,.T.);
#851=EDGE_CURVE('',#667,#666,#397,.T.);
#852=EDGE_CURVE('',#668,#667,#249,.T.);
#853=EDGE_CURVE('',#610,#668,#398,.T.);
#854=EDGE_CURVE('',#669,#669,#250,.T.);
#855=EDGE_CURVE('',#670,#670,#251,.T.);
#856=EDGE_CURVE('',#650,#624,#399,.T.);
#857=EDGE_CURVE('',#671,#620,#400,.T.);
#858=EDGE_CURVE('',#651,#671,#401,.T.);
#859=EDGE_CURVE('',#623,#672,#402,.T.);
#860=EDGE_CURVE('',#672,#671,#403,.T.);
#861=EDGE_CURVE('',#654,#673,#404,.T.);
#862=EDGE_CURVE('',#646,#673,#405,.T.);
#863=EDGE_CURVE('',#653,#674,#406,.T.);
#864=EDGE_CURVE('',#673,#674,#407,.T.);
#865=EDGE_CURVE('',#655,#672,#408,.T.);
#866=EDGE_CURVE('',#675,#641,#409,.T.);
#867=EDGE_CURVE('',#656,#675,#410,.T.);
#868=EDGE_CURVE('',#674,#676,#252,.T.);
#869=EDGE_CURVE('',#676,#677,#411,.T.);
#870=EDGE_CURVE('',#677,#678,#253,.T.);
#871=EDGE_CURVE('',#678,#675,#412,.T.);
#872=EDGE_CURVE('',#611,#679,#413,.T.);
#873=EDGE_CURVE('',#679,#631,#414,.T.);
#874=EDGE_CURVE('',#658,#679,#415,.T.);
#875=EDGE_CURVE('',#668,#652,#416,.T.);
#876=EDGE_CURVE('',#657,#680,#417,.T.);
#877=EDGE_CURVE('',#637,#680,#418,.T.);
#878=EDGE_CURVE('',#680,#681,#419,.T.);
#879=EDGE_CURVE('',#681,#682,#254,.T.);
#880=EDGE_CURVE('',#682,#683,#420,.T.);
#881=EDGE_CURVE('',#683,#684,#255,.T.);
#882=EDGE_CURVE('',#684,#614,#421,.T.);
#883=EDGE_CURVE('',#664,#681,#422,.T.);
#884=EDGE_CURVE('',#665,#678,#423,.T.);
#885=EDGE_CURVE('',#685,#685,#256,.T.);
#886=EDGE_CURVE('',#685,#659,#424,.T.);
#887=EDGE_CURVE('',#686,#686,#257,.T.);
#888=EDGE_CURVE('',#687,#687,#258,.T.);
#889=EDGE_CURVE('',#687,#660,#425,.T.);
#890=EDGE_CURVE('',#688,#688,#259,.T.);
#891=EDGE_CURVE('',#686,#670,#426,.T.);
#892=EDGE_CURVE('',#688,#669,#427,.T.);
#893=EDGE_CURVE('',#667,#676,#428,.T.);
#894=EDGE_CURVE('',#661,#684,#429,.T.);
#895=EDGE_CURVE('',#662,#683,#430,.T.);
#896=EDGE_CURVE('',#663,#682,#431,.T.);
#897=EDGE_CURVE('',#666,#677,#432,.T.);
#898=ORIENTED_EDGE('',*,*,#689,.T.);
#899=ORIENTED_EDGE('',*,*,#690,.T.);
#900=ORIENTED_EDGE('',*,*,#691,.F.);
#901=ORIENTED_EDGE('',*,*,#692,.T.);
#902=ORIENTED_EDGE('',*,*,#693,.T.);
#903=ORIENTED_EDGE('',*,*,#694,.T.);
#904=ORIENTED_EDGE('',*,*,#689,.F.);
#905=ORIENTED_EDGE('',*,*,#695,.T.);
#906=ORIENTED_EDGE('',*,*,#696,.T.);
#907=ORIENTED_EDGE('',*,*,#697,.T.);
#908=ORIENTED_EDGE('',*,*,#693,.F.);
#909=ORIENTED_EDGE('',*,*,#698,.T.);
#910=ORIENTED_EDGE('',*,*,#699,.T.);
#911=ORIENTED_EDGE('',*,*,#700,.T.);
#912=ORIENTED_EDGE('',*,*,#696,.F.);
#913=ORIENTED_EDGE('',*,*,#701,.T.);
#914=ORIENTED_EDGE('',*,*,#702,.T.);
#915=ORIENTED_EDGE('',*,*,#703,.T.);
#916=ORIENTED_EDGE('',*,*,#699,.F.);
#917=ORIENTED_EDGE('',*,*,#704,.T.);
#918=ORIENTED_EDGE('',*,*,#705,.T.);
#919=ORIENTED_EDGE('',*,*,#706,.T.);
#920=ORIENTED_EDGE('',*,*,#702,.F.);
#921=ORIENTED_EDGE('',*,*,#707,.T.);
#922=ORIENTED_EDGE('',*,*,#708,.T.);
#923=ORIENTED_EDGE('',*,*,#709,.T.);
#924=ORIENTED_EDGE('',*,*,#705,.F.);
#925=ORIENTED_EDGE('',*,*,#710,.T.);
#926=ORIENTED_EDGE('',*,*,#711,.T.);
#927=ORIENTED_EDGE('',*,*,#712,.T.);
#928=ORIENTED_EDGE('',*,*,#708,.F.);
#929=ORIENTED_EDGE('',*,*,#713,.T.);
#930=ORIENTED_EDGE('',*,*,#714,.T.);
#931=ORIENTED_EDGE('',*,*,#715,.T.);
#932=ORIENTED_EDGE('',*,*,#711,.F.);
#933=ORIENTED_EDGE('',*,*,#716,.T.);
#934=ORIENTED_EDGE('',*,*,#717,.T.);
#935=ORIENTED_EDGE('',*,*,#718,.T.);
#936=ORIENTED_EDGE('',*,*,#714,.F.);
#937=ORIENTED_EDGE('',*,*,#719,.T.);
#938=ORIENTED_EDGE('',*,*,#720,.T.);
#939=ORIENTED_EDGE('',*,*,#721,.T.);
#940=ORIENTED_EDGE('',*,*,#717,.F.);
#941=ORIENTED_EDGE('',*,*,#722,.T.);
#942=ORIENTED_EDGE('',*,*,#723,.F.);
#943=ORIENTED_EDGE('',*,*,#724,.T.);
#944=ORIENTED_EDGE('',*,*,#725,.F.);
#945=ORIENTED_EDGE('',*,*,#726,.T.);
#946=ORIENTED_EDGE('',*,*,#727,.T.);
#947=ORIENTED_EDGE('',*,*,#728,.T.);
#948=ORIENTED_EDGE('',*,*,#729,.F.);
#949=ORIENTED_EDGE('',*,*,#730,.F.);
#950=ORIENTED_EDGE('',*,*,#731,.T.);
#951=ORIENTED_EDGE('',*,*,#732,.T.);
#952=ORIENTED_EDGE('',*,*,#727,.F.);
#953=ORIENTED_EDGE('',*,*,#733,.F.);
#954=ORIENTED_EDGE('',*,*,#734,.T.);
#955=ORIENTED_EDGE('',*,*,#735,.T.);
#956=ORIENTED_EDGE('',*,*,#731,.F.);
#957=ORIENTED_EDGE('',*,*,#736,.F.);
#958=ORIENTED_EDGE('',*,*,#737,.T.);
#959=ORIENTED_EDGE('',*,*,#738,.T.);
#960=ORIENTED_EDGE('',*,*,#734,.F.);
#961=ORIENTED_EDGE('',*,*,#739,.F.);
#962=ORIENTED_EDGE('',*,*,#740,.T.);
#963=ORIENTED_EDGE('',*,*,#741,.T.);
#964=ORIENTED_EDGE('',*,*,#737,.F.);
#965=ORIENTED_EDGE('',*,*,#742,.F.);
#966=ORIENTED_EDGE('',*,*,#743,.T.);
#967=ORIENTED_EDGE('',*,*,#744,.T.);
#968=ORIENTED_EDGE('',*,*,#740,.F.);
#969=ORIENTED_EDGE('',*,*,#745,.F.);
#970=ORIENTED_EDGE('',*,*,#746,.T.);
#971=ORIENTED_EDGE('',*,*,#747,.T.);
#972=ORIENTED_EDGE('',*,*,#743,.F.);
#973=ORIENTED_EDGE('',*,*,#748,.F.);
#974=ORIENTED_EDGE('',*,*,#749,.T.);
#975=ORIENTED_EDGE('',*,*,#750,.T.);
#976=ORIENTED_EDGE('',*,*,#746,.F.);
#977=ORIENTED_EDGE('',*,*,#751,.F.);
#978=ORIENTED_EDGE('',*,*,#752,.T.);
#979=ORIENTED_EDGE('',*,*,#753,.T.);
#980=ORIENTED_EDGE('',*,*,#749,.F.);
#981=ORIENTED_EDGE('',*,*,#754,.F.);
#982=ORIENTED_EDGE('',*,*,#755,.T.);
#983=ORIENTED_EDGE('',*,*,#756,.T.);
#984=ORIENTED_EDGE('',*,*,#752,.F.);
#985=ORIENTED_EDGE('',*,*,#757,.F.);
#986=ORIENTED_EDGE('',*,*,#758,.T.);
#987=ORIENTED_EDGE('',*,*,#759,.T.);
#988=ORIENTED_EDGE('',*,*,#755,.F.);
#989=ORIENTED_EDGE('',*,*,#760,.F.);
#990=ORIENTED_EDGE('',*,*,#761,.F.);
#991=ORIENTED_EDGE('',*,*,#762,.F.);
#992=ORIENTED_EDGE('',*,*,#763,.F.);
#993=ORIENTED_EDGE('',*,*,#764,.T.);
#994=ORIENTED_EDGE('',*,*,#761,.T.);
#995=ORIENTED_EDGE('',*,*,#765,.T.);
#996=ORIENTED_EDGE('',*,*,#758,.F.);
#997=ORIENTED_EDGE('',*,*,#766,.F.);
#998=ORIENTED_EDGE('',*,*,#767,.F.);
#999=ORIENTED_EDGE('',*,*,#728,.F.);
#1000=ORIENTED_EDGE('',*,*,#732,.F.);
#1001=ORIENTED_EDGE('',*,*,#735,.F.);
#1002=ORIENTED_EDGE('',*,*,#738,.F.);
#1003=ORIENTED_EDGE('',*,*,#741,.F.);
#1004=ORIENTED_EDGE('',*,*,#744,.F.);
#1005=ORIENTED_EDGE('',*,*,#747,.F.);
#1006=ORIENTED_EDGE('',*,*,#750,.F.);
#1007=ORIENTED_EDGE('',*,*,#753,.F.);
#1008=ORIENTED_EDGE('',*,*,#756,.F.);
#1009=ORIENTED_EDGE('',*,*,#759,.F.);
#1010=ORIENTED_EDGE('',*,*,#765,.F.);
#1011=ORIENTED_EDGE('',*,*,#764,.F.);
#1012=ORIENTED_EDGE('',*,*,#768,.F.);
#1013=ORIENTED_EDGE('',*,*,#690,.F.);
#1014=ORIENTED_EDGE('',*,*,#694,.F.);
#1015=ORIENTED_EDGE('',*,*,#697,.F.);
#1016=ORIENTED_EDGE('',*,*,#700,.F.);
#1017=ORIENTED_EDGE('',*,*,#703,.F.);
#1018=ORIENTED_EDGE('',*,*,#706,.F.);
#1019=ORIENTED_EDGE('',*,*,#709,.F.);
#1020=ORIENTED_EDGE('',*,*,#712,.F.);
#1021=ORIENTED_EDGE('',*,*,#715,.F.);
#1022=ORIENTED_EDGE('',*,*,#718,.F.);
#1023=ORIENTED_EDGE('',*,*,#721,.F.);
#1024=ORIENTED_EDGE('',*,*,#769,.F.);
#1025=ORIENTED_EDGE('',*,*,#726,.F.);
#1026=ORIENTED_EDGE('',*,*,#770,.F.);
#1027=ORIENTED_EDGE('',*,*,#724,.F.);
#1028=ORIENTED_EDGE('',*,*,#771,.F.);
#1029=ORIENTED_EDGE('',*,*,#722,.F.);
#1030=ORIENTED_EDGE('',*,*,#719,.F.);
#1031=ORIENTED_EDGE('',*,*,#716,.F.);
#1032=ORIENTED_EDGE('',*,*,#713,.F.);
#1033=ORIENTED_EDGE('',*,*,#710,.F.);
#1034=ORIENTED_EDGE('',*,*,#707,.F.);
#1035=ORIENTED_EDGE('',*,*,#704,.F.);
#1036=ORIENTED_EDGE('',*,*,#701,.F.);
#1037=ORIENTED_EDGE('',*,*,#698,.F.);
#1038=ORIENTED_EDGE('',*,*,#695,.F.);
#1039=ORIENTED_EDGE('',*,*,#692,.F.);
#1040=ORIENTED_EDGE('',*,*,#772,.F.);
#1041=ORIENTED_EDGE('',*,*,#762,.T.);
#1042=ORIENTED_EDGE('',*,*,#766,.T.);
#1043=ORIENTED_EDGE('',*,*,#760,.T.);
#1044=ORIENTED_EDGE('',*,*,#757,.T.);
#1045=ORIENTED_EDGE('',*,*,#754,.T.);
#1046=ORIENTED_EDGE('',*,*,#751,.T.);
#1047=ORIENTED_EDGE('',*,*,#748,.T.);
#1048=ORIENTED_EDGE('',*,*,#745,.T.);
#1049=ORIENTED_EDGE('',*,*,#742,.T.);
#1050=ORIENTED_EDGE('',*,*,#739,.T.);
#1051=ORIENTED_EDGE('',*,*,#736,.T.);
#1052=ORIENTED_EDGE('',*,*,#733,.T.);
#1053=ORIENTED_EDGE('',*,*,#730,.T.);
#1054=ORIENTED_EDGE('',*,*,#773,.T.);
#1055=ORIENTED_EDGE('',*,*,#774,.T.);
#1056=ORIENTED_EDGE('',*,*,#775,.T.);
#1057=ORIENTED_EDGE('',*,*,#776,.T.);
#1058=ORIENTED_EDGE('',*,*,#774,.F.);
#1059=ORIENTED_EDGE('',*,*,#777,.T.);
#1060=ORIENTED_EDGE('',*,*,#778,.T.);
#1061=ORIENTED_EDGE('',*,*,#779,.F.);
#1062=ORIENTED_EDGE('',*,*,#780,.F.);
#1063=ORIENTED_EDGE('',*,*,#781,.F.);
#1064=ORIENTED_EDGE('',*,*,#782,.F.);
#1065=ORIENTED_EDGE('',*,*,#783,.T.);
#1066=ORIENTED_EDGE('',*,*,#784,.T.);
#1067=ORIENTED_EDGE('',*,*,#785,.T.);
#1068=ORIENTED_EDGE('',*,*,#786,.T.);
#1069=ORIENTED_EDGE('',*,*,#776,.F.);
#1070=ORIENTED_EDGE('',*,*,#787,.F.);
#1071=ORIENTED_EDGE('',*,*,#788,.F.);
#1072=ORIENTED_EDGE('',*,*,#785,.F.);
#1073=ORIENTED_EDGE('',*,*,#789,.T.);
#1074=ORIENTED_EDGE('',*,*,#790,.T.);
#1075=ORIENTED_EDGE('',*,*,#791,.T.);
#1076=ORIENTED_EDGE('',*,*,#792,.T.);
#1077=ORIENTED_EDGE('',*,*,#793,.F.);
#1078=ORIENTED_EDGE('',*,*,#791,.F.);
#1079=ORIENTED_EDGE('',*,*,#794,.T.);
#1080=ORIENTED_EDGE('',*,*,#795,.T.);
#1081=ORIENTED_EDGE('',*,*,#796,.F.);
#1082=ORIENTED_EDGE('',*,*,#797,.F.);
#1083=ORIENTED_EDGE('',*,*,#798,.F.);
#1084=ORIENTED_EDGE('',*,*,#799,.F.);
#1085=ORIENTED_EDGE('',*,*,#800,.F.);
#1086=ORIENTED_EDGE('',*,*,#801,.T.);
#1087=ORIENTED_EDGE('',*,*,#802,.T.);
#1088=ORIENTED_EDGE('',*,*,#803,.T.);
#1089=ORIENTED_EDGE('',*,*,#780,.T.);
#1090=ORIENTED_EDGE('',*,*,#804,.F.);
#1091=ORIENTED_EDGE('',*,*,#803,.F.);
#1092=ORIENTED_EDGE('',*,*,#805,.T.);
#1093=ORIENTED_EDGE('',*,*,#806,.F.);
#1094=ORIENTED_EDGE('',*,*,#807,.F.);
#1095=ORIENTED_EDGE('',*,*,#808,.F.);
#1096=ORIENTED_EDGE('',*,*,#809,.F.);
#1097=ORIENTED_EDGE('',*,*,#787,.T.);
#1098=ORIENTED_EDGE('',*,*,#775,.F.);
#1099=ORIENTED_EDGE('',*,*,#781,.T.);
#1100=ORIENTED_EDGE('',*,*,#810,.T.);
#1101=ORIENTED_EDGE('',*,*,#811,.T.);
#1102=ORIENTED_EDGE('',*,*,#812,.T.);
#1103=ORIENTED_EDGE('',*,*,#806,.T.);
#1104=ORIENTED_EDGE('',*,*,#812,.F.);
#1105=ORIENTED_EDGE('',*,*,#813,.F.);
#1106=ORIENTED_EDGE('',*,*,#814,.T.);
#1107=ORIENTED_EDGE('',*,*,#807,.T.);
#1108=ORIENTED_EDGE('',*,*,#815,.T.);
#1109=ORIENTED_EDGE('',*,*,#808,.T.);
#1110=ORIENTED_EDGE('',*,*,#814,.F.);
#1111=ORIENTED_EDGE('',*,*,#816,.T.);
#1112=ORIENTED_EDGE('',*,*,#788,.T.);
#1113=ORIENTED_EDGE('',*,*,#809,.T.);
#1114=ORIENTED_EDGE('',*,*,#815,.F.);
#1115=ORIENTED_EDGE('',*,*,#817,.F.);
#1116=ORIENTED_EDGE('',*,*,#786,.F.);
#1117=ORIENTED_EDGE('',*,*,#818,.T.);
#1118=ORIENTED_EDGE('',*,*,#800,.T.);
#1119=ORIENTED_EDGE('',*,*,#819,.T.);
#1120=ORIENTED_EDGE('',*,*,#820,.F.);
#1121=ORIENTED_EDGE('',*,*,#819,.F.);
#1122=ORIENTED_EDGE('',*,*,#799,.T.);
#1123=ORIENTED_EDGE('',*,*,#821,.T.);
#1124=ORIENTED_EDGE('',*,*,#822,.T.);
#1125=ORIENTED_EDGE('',*,*,#823,.T.);
#1126=ORIENTED_EDGE('',*,*,#824,.F.);
#1127=ORIENTED_EDGE('',*,*,#821,.F.);
#1128=ORIENTED_EDGE('',*,*,#798,.T.);
#1129=ORIENTED_EDGE('',*,*,#823,.F.);
#1130=ORIENTED_EDGE('',*,*,#797,.T.);
#1131=ORIENTED_EDGE('',*,*,#825,.T.);
#1132=ORIENTED_EDGE('',*,*,#826,.T.);
#1133=ORIENTED_EDGE('',*,*,#827,.T.);
#1134=ORIENTED_EDGE('',*,*,#828,.F.);
#1135=ORIENTED_EDGE('',*,*,#825,.F.);
#1136=ORIENTED_EDGE('',*,*,#796,.T.);
#1137=ORIENTED_EDGE('',*,*,#829,.T.);
#1138=ORIENTED_EDGE('',*,*,#830,.T.);
#1139=ORIENTED_EDGE('',*,*,#831,.T.);
#1140=ORIENTED_EDGE('',*,*,#830,.F.);
#1141=ORIENTED_EDGE('',*,*,#831,.F.);
#1142=ORIENTED_EDGE('',*,*,#832,.T.);
#1143=ORIENTED_EDGE('',*,*,#833,.F.);
#1144=ORIENTED_EDGE('',*,*,#832,.F.);
#1145=ORIENTED_EDGE('',*,*,#829,.F.);
#1146=ORIENTED_EDGE('',*,*,#834,.T.);
#1147=ORIENTED_EDGE('',*,*,#835,.T.);
#1148=ORIENTED_EDGE('',*,*,#836,.T.);
#1149=ORIENTED_EDGE('',*,*,#837,.T.);
#1150=ORIENTED_EDGE('',*,*,#838,.T.);
#1151=ORIENTED_EDGE('',*,*,#839,.T.);
#1152=ORIENTED_EDGE('',*,*,#840,.T.);
#1153=ORIENTED_EDGE('',*,*,#841,.T.);
#1154=ORIENTED_EDGE('',*,*,#842,.T.);
#1155=ORIENTED_EDGE('',*,*,#843,.T.);
#1156=ORIENTED_EDGE('',*,*,#844,.T.);
#1157=ORIENTED_EDGE('',*,*,#773,.F.);
#1158=ORIENTED_EDGE('',*,*,#789,.F.);
#1159=ORIENTED_EDGE('',*,*,#784,.F.);
#1160=ORIENTED_EDGE('',*,*,#845,.F.);
#1161=ORIENTED_EDGE('',*,*,#846,.F.);
#1162=ORIENTED_EDGE('',*,*,#847,.F.);
#1163=ORIENTED_EDGE('',*,*,#848,.F.);
#1164=ORIENTED_EDGE('',*,*,#849,.F.);
#1165=ORIENTED_EDGE('',*,*,#850,.F.);
#1166=ORIENTED_EDGE('',*,*,#851,.F.);
#1167=ORIENTED_EDGE('',*,*,#852,.F.);
#1168=ORIENTED_EDGE('',*,*,#853,.F.);
#1169=ORIENTED_EDGE('',*,*,#777,.F.);
#1170=ORIENTED_EDGE('',*,*,#854,.F.);
#1171=ORIENTED_EDGE('',*,*,#855,.F.);
#1172=ORIENTED_EDGE('',*,*,#834,.F.);
#1173=ORIENTED_EDGE('',*,*,#856,.T.);
#1174=ORIENTED_EDGE('',*,*,#794,.F.);
#1175=ORIENTED_EDGE('',*,*,#790,.F.);
#1176=ORIENTED_EDGE('',*,*,#857,.F.);
#1177=ORIENTED_EDGE('',*,*,#858,.F.);
#1178=ORIENTED_EDGE('',*,*,#793,.T.);
#1179=ORIENTED_EDGE('',*,*,#859,.T.);
#1180=ORIENTED_EDGE('',*,*,#860,.T.);
#1181=ORIENTED_EDGE('',*,*,#857,.T.);
#1182=ORIENTED_EDGE('',*,*,#838,.F.);
#1183=ORIENTED_EDGE('',*,*,#861,.T.);
#1184=ORIENTED_EDGE('',*,*,#862,.F.);
#1185=ORIENTED_EDGE('',*,*,#827,.F.);
#1186=ORIENTED_EDGE('',*,*,#795,.F.);
#1187=ORIENTED_EDGE('',*,*,#856,.F.);
#1188=ORIENTED_EDGE('',*,*,#837,.F.);
#1189=ORIENTED_EDGE('',*,*,#863,.T.);
#1190=ORIENTED_EDGE('',*,*,#864,.F.);
#1191=ORIENTED_EDGE('',*,*,#861,.F.);
#1192=ORIENTED_EDGE('',*,*,#839,.F.);
#1193=ORIENTED_EDGE('',*,*,#865,.T.);
#1194=ORIENTED_EDGE('',*,*,#859,.F.);
#1195=ORIENTED_EDGE('',*,*,#792,.F.);
#1196=ORIENTED_EDGE('',*,*,#801,.F.);
#1197=ORIENTED_EDGE('',*,*,#818,.F.);
#1198=ORIENTED_EDGE('',*,*,#866,.F.);
#1199=ORIENTED_EDGE('',*,*,#867,.F.);
#1200=ORIENTED_EDGE('',*,*,#868,.T.);
#1201=ORIENTED_EDGE('',*,*,#869,.T.);
#1202=ORIENTED_EDGE('',*,*,#870,.T.);
#1203=ORIENTED_EDGE('',*,*,#871,.T.);
#1204=ORIENTED_EDGE('',*,*,#866,.T.);
#1205=ORIENTED_EDGE('',*,*,#820,.T.);
#1206=ORIENTED_EDGE('',*,*,#822,.F.);
#1207=ORIENTED_EDGE('',*,*,#824,.T.);
#1208=ORIENTED_EDGE('',*,*,#826,.F.);
#1209=ORIENTED_EDGE('',*,*,#828,.T.);
#1210=ORIENTED_EDGE('',*,*,#862,.T.);
#1211=ORIENTED_EDGE('',*,*,#864,.T.);
#1212=ORIENTED_EDGE('',*,*,#833,.T.);
#1213=ORIENTED_EDGE('',*,*,#779,.T.);
#1214=ORIENTED_EDGE('',*,*,#872,.T.);
#1215=ORIENTED_EDGE('',*,*,#873,.T.);
#1216=ORIENTED_EDGE('',*,*,#804,.T.);
#1217=ORIENTED_EDGE('',*,*,#842,.F.);
#1218=ORIENTED_EDGE('',*,*,#874,.T.);
#1219=ORIENTED_EDGE('',*,*,#872,.F.);
#1220=ORIENTED_EDGE('',*,*,#778,.F.);
#1221=ORIENTED_EDGE('',*,*,#853,.T.);
#1222=ORIENTED_EDGE('',*,*,#875,.T.);
#1223=ORIENTED_EDGE('',*,*,#835,.F.);
#1224=ORIENTED_EDGE('',*,*,#858,.T.);
#1225=ORIENTED_EDGE('',*,*,#860,.F.);
#1226=ORIENTED_EDGE('',*,*,#865,.F.);
#1227=ORIENTED_EDGE('',*,*,#841,.F.);
#1228=ORIENTED_EDGE('',*,*,#876,.T.);
#1229=ORIENTED_EDGE('',*,*,#877,.F.);
#1230=ORIENTED_EDGE('',*,*,#810,.F.);
#1231=ORIENTED_EDGE('',*,*,#805,.F.);
#1232=ORIENTED_EDGE('',*,*,#802,.F.);
#1233=ORIENTED_EDGE('',*,*,#873,.F.);
#1234=ORIENTED_EDGE('',*,*,#874,.F.);
#1235=ORIENTED_EDGE('',*,*,#723,.T.);
#1236=ORIENTED_EDGE('',*,*,#769,.T.);
#1237=ORIENTED_EDGE('',*,*,#720,.F.);
#1238=ORIENTED_EDGE('',*,*,#771,.T.);
#1239=ORIENTED_EDGE('',*,*,#877,.T.);
#1240=ORIENTED_EDGE('',*,*,#878,.T.);
#1241=ORIENTED_EDGE('',*,*,#879,.T.);
#1242=ORIENTED_EDGE('',*,*,#880,.T.);
#1243=ORIENTED_EDGE('',*,*,#881,.T.);
#1244=ORIENTED_EDGE('',*,*,#882,.T.);
#1245=ORIENTED_EDGE('',*,*,#782,.T.);
#1246=ORIENTED_EDGE('',*,*,#817,.T.);
#1247=ORIENTED_EDGE('',*,*,#816,.F.);
#1248=ORIENTED_EDGE('',*,*,#813,.T.);
#1249=ORIENTED_EDGE('',*,*,#811,.F.);
#1250=ORIENTED_EDGE('',*,*,#767,.T.);
#1251=ORIENTED_EDGE('',*,*,#725,.T.);
#1252=ORIENTED_EDGE('',*,*,#770,.T.);
#1253=ORIENTED_EDGE('',*,*,#729,.T.);
#1254=ORIENTED_EDGE('',*,*,#849,.T.);
#1255=ORIENTED_EDGE('',*,*,#883,.T.);
#1256=ORIENTED_EDGE('',*,*,#878,.F.);
#1257=ORIENTED_EDGE('',*,*,#876,.F.);
#1258=ORIENTED_EDGE('',*,*,#840,.F.);
#1259=ORIENTED_EDGE('',*,*,#867,.T.);
#1260=ORIENTED_EDGE('',*,*,#871,.F.);
#1261=ORIENTED_EDGE('',*,*,#884,.F.);
#1262=ORIENTED_EDGE('',*,*,#691,.T.);
#1263=ORIENTED_EDGE('',*,*,#768,.T.);
#1264=ORIENTED_EDGE('',*,*,#763,.T.);
#1265=ORIENTED_EDGE('',*,*,#772,.T.);
#1266=ORIENTED_EDGE('',*,*,#885,.F.);
#1267=ORIENTED_EDGE('',*,*,#886,.T.);
#1268=ORIENTED_EDGE('',*,*,#843,.F.);
#1269=ORIENTED_EDGE('',*,*,#886,.F.);
#1270=ORIENTED_EDGE('',*,*,#885,.T.);
#1271=ORIENTED_EDGE('',*,*,#887,.F.);
#1272=ORIENTED_EDGE('',*,*,#888,.F.);
#1273=ORIENTED_EDGE('',*,*,#889,.T.);
#1274=ORIENTED_EDGE('',*,*,#844,.F.);
#1275=ORIENTED_EDGE('',*,*,#889,.F.);
#1276=ORIENTED_EDGE('',*,*,#888,.T.);
#1277=ORIENTED_EDGE('',*,*,#890,.F.);
#1278=ORIENTED_EDGE('',*,*,#887,.T.);
#1279=ORIENTED_EDGE('',*,*,#891,.T.);
#1280=ORIENTED_EDGE('',*,*,#855,.T.);
#1281=ORIENTED_EDGE('',*,*,#891,.F.);
#1282=ORIENTED_EDGE('',*,*,#890,.T.);
#1283=ORIENTED_EDGE('',*,*,#892,.T.);
#1284=ORIENTED_EDGE('',*,*,#854,.T.);
#1285=ORIENTED_EDGE('',*,*,#892,.F.);
#1286=ORIENTED_EDGE('',*,*,#836,.F.);
#1287=ORIENTED_EDGE('',*,*,#875,.F.);
#1288=ORIENTED_EDGE('',*,*,#852,.T.);
#1289=ORIENTED_EDGE('',*,*,#893,.T.);
#1290=ORIENTED_EDGE('',*,*,#868,.F.);
#1291=ORIENTED_EDGE('',*,*,#863,.F.);
#1292=ORIENTED_EDGE('',*,*,#783,.F.);
#1293=ORIENTED_EDGE('',*,*,#882,.F.);
#1294=ORIENTED_EDGE('',*,*,#894,.F.);
#1295=ORIENTED_EDGE('',*,*,#845,.T.);
#1296=ORIENTED_EDGE('',*,*,#846,.T.);
#1297=ORIENTED_EDGE('',*,*,#894,.T.);
#1298=ORIENTED_EDGE('',*,*,#881,.F.);
#1299=ORIENTED_EDGE('',*,*,#895,.F.);
#1300=ORIENTED_EDGE('',*,*,#847,.T.);
#1301=ORIENTED_EDGE('',*,*,#895,.T.);
#1302=ORIENTED_EDGE('',*,*,#880,.F.);
#1303=ORIENTED_EDGE('',*,*,#896,.F.);
#1304=ORIENTED_EDGE('',*,*,#848,.T.);
#1305=ORIENTED_EDGE('',*,*,#896,.T.);
#1306=ORIENTED_EDGE('',*,*,#879,.F.);
#1307=ORIENTED_EDGE('',*,*,#883,.F.);
#1308=ORIENTED_EDGE('',*,*,#850,.T.);
#1309=ORIENTED_EDGE('',*,*,#884,.T.);
#1310=ORIENTED_EDGE('',*,*,#870,.F.);
#1311=ORIENTED_EDGE('',*,*,#897,.F.);
#1312=ORIENTED_EDGE('',*,*,#851,.T.);
#1313=ORIENTED_EDGE('',*,*,#897,.T.);
#1314=ORIENTED_EDGE('',*,*,#869,.F.);
#1315=ORIENTED_EDGE('',*,*,#893,.F.);
#1316=CYLINDRICAL_SURFACE('',#1441,1.2645);
#1317=CYLINDRICAL_SURFACE('',#1443,1.2645);
#1318=CYLINDRICAL_SURFACE('',#1444,1.2645);
#1319=CYLINDRICAL_SURFACE('',#1445,1.2645);
#1320=CYLINDRICAL_SURFACE('',#1446,1.2645);
#1321=CYLINDRICAL_SURFACE('',#1447,1.2645);
#1322=CYLINDRICAL_SURFACE('',#1448,1.2645);
#1323=CYLINDRICAL_SURFACE('',#1449,1.2645);
#1324=CYLINDRICAL_SURFACE('',#1450,1.2645);
#1325=CYLINDRICAL_SURFACE('',#1451,1.2645);
#1326=CYLINDRICAL_SURFACE('',#1452,1.2645);
#1327=CYLINDRICAL_SURFACE('',#1453,1.2645);
#1328=CYLINDRICAL_SURFACE('',#1455,1.543);
#1329=CYLINDRICAL_SURFACE('',#1457,1.543);
#1330=CYLINDRICAL_SURFACE('',#1458,1.543);
#1331=CYLINDRICAL_SURFACE('',#1459,1.543);
#1332=CYLINDRICAL_SURFACE('',#1460,1.543);
#1333=CYLINDRICAL_SURFACE('',#1461,1.543);
#1334=CYLINDRICAL_SURFACE('',#1462,1.543);
#1335=CYLINDRICAL_SURFACE('',#1463,1.543);
#1336=CYLINDRICAL_SURFACE('',#1464,1.543);
#1337=CYLINDRICAL_SURFACE('',#1465,1.543);
#1338=CYLINDRICAL_SURFACE('',#1466,1.543);
#1339=CYLINDRICAL_SURFACE('',#1467,1.543);
#1340=CYLINDRICAL_SURFACE('',#1469,1.543);
#1341=CYLINDRICAL_SURFACE('',#1502,1.7);
#1342=CYLINDRICAL_SURFACE('',#1528,1.2645);
#1343=CYLINDRICAL_SURFACE('',#1534,2.);
#1344=CYLINDRICAL_SURFACE('',#1538,2.);
#1345=CYLINDRICAL_SURFACE('',#1542,1.2);
#1346=CYLINDRICAL_SURFACE('',#1543,1.2);
#1347=CYLINDRICAL_SURFACE('',#1544,5.);
#1348=CYLINDRICAL_SURFACE('',#1546,5.);
#1349=CYLINDRICAL_SURFACE('',#1548,5.);
#1350=CYLINDRICAL_SURFACE('',#1549,3.);
#1351=ADVANCED_FACE('',(#64),#1316,.F.);
#1352=ADVANCED_FACE('',(#65),#1317,.F.);
#1353=ADVANCED_FACE('',(#66),#1318,.F.);
#1354=ADVANCED_FACE('',(#67),#1319,.F.);
#1355=ADVANCED_FACE('',(#68),#1320,.F.);
#1356=ADVANCED_FACE('',(#69),#1321,.F.);
#1357=ADVANCED_FACE('',(#70),#1322,.F.);
#1358=ADVANCED_FACE('',(#71),#1323,.F.);
#1359=ADVANCED_FACE('',(#72),#1324,.F.);
#1360=ADVANCED_FACE('',(#73),#1325,.F.);
#1361=ADVANCED_FACE('',(#74),#1326,.F.);
#1362=ADVANCED_FACE('',(#75),#1327,.F.);
#1363=ADVANCED_FACE('',(#76),#1328,.F.);
#1364=ADVANCED_FACE('',(#77),#1329,.F.);
#1365=ADVANCED_FACE('',(#78),#1330,.F.);
#1366=ADVANCED_FACE('',(#79),#1331,.F.);
#1367=ADVANCED_FACE('',(#80),#1332,.F.);
#1368=ADVANCED_FACE('',(#81),#1333,.F.);
#1369=ADVANCED_FACE('',(#82),#1334,.F.);
#1370=ADVANCED_FACE('',(#83),#1335,.F.);
#1371=ADVANCED_FACE('',(#84),#1336,.F.);
#1372=ADVANCED_FACE('',(#85),#1337,.F.);
#1373=ADVANCED_FACE('',(#86),#1338,.F.);
#1374=ADVANCED_FACE('',(#87),#1339,.F.);
#1375=ADVANCED_FACE('',(#88),#1340,.F.);
#1376=ADVANCED_FACE('',(#89),#62,.F.);
#1377=ADVANCED_FACE('',(#90),#63,.F.);
#1378=ADVANCED_FACE('',(#91),#30,.T.);
#1379=ADVANCED_FACE('',(#92),#31,.T.);
#1380=ADVANCED_FACE('',(#93),#32,.T.);
#1381=ADVANCED_FACE('',(#94),#33,.T.);
#1382=ADVANCED_FACE('',(#95),#34,.T.);
#1383=ADVANCED_FACE('',(#96),#35,.T.);
#1384=ADVANCED_FACE('',(#97),#36,.T.);
#1385=ADVANCED_FACE('',(#98),#37,.T.);
#1386=ADVANCED_FACE('',(#99),#23,.F.);
#1387=ADVANCED_FACE('',(#100),#24,.T.);
#1388=ADVANCED_FACE('',(#101),#25,.F.);
#1389=ADVANCED_FACE('',(#102),#38,.T.);
#1390=ADVANCED_FACE('',(#103),#39,.T.);
#1391=ADVANCED_FACE('',(#104),#26,.F.);
#1392=ADVANCED_FACE('',(#105),#27,.T.);
#1393=ADVANCED_FACE('',(#106),#28,.F.);
#1394=ADVANCED_FACE('',(#107),#40,.T.);
#1395=ADVANCED_FACE('',(#108),#29,.T.);
#1396=ADVANCED_FACE('',(#109),#1341,.T.);
#1397=ADVANCED_FACE('',(#110),#41,.T.);
#1398=ADVANCED_FACE('',(#111),#42,.T.);
#1399=ADVANCED_FACE('',(#112,#15,#16),#43,.T.);
#1400=ADVANCED_FACE('',(#113,#17,#18),#44,.F.);
#1401=ADVANCED_FACE('',(#114),#45,.T.);
#1402=ADVANCED_FACE('',(#115),#46,.T.);
#1403=ADVANCED_FACE('',(#116),#47,.T.);
#1404=ADVANCED_FACE('',(#117),#48,.T.);
#1405=ADVANCED_FACE('',(#118),#49,.T.);
#1406=ADVANCED_FACE('',(#119,#19),#50,.T.);
#1407=ADVANCED_FACE('',(#120),#51,.T.);
#1408=ADVANCED_FACE('',(#121),#52,.T.);
#1409=ADVANCED_FACE('',(#122),#53,.T.);
#1410=ADVANCED_FACE('',(#123),#1342,.F.);
#1411=ADVANCED_FACE('',(#124,#20),#54,.T.);
#1412=ADVANCED_FACE('',(#125),#55,.T.);
#1413=ADVANCED_FACE('',(#126),#56,.T.);
#1414=ADVANCED_FACE('',(#127),#1343,.F.);
#1415=ADVANCED_FACE('',(#128,#21),#57,.T.);
#1416=ADVANCED_FACE('',(#129),#1344,.F.);
#1417=ADVANCED_FACE('',(#130,#22),#58,.T.);
#1418=ADVANCED_FACE('',(#131),#1345,.F.);
#1419=ADVANCED_FACE('',(#132),#1346,.F.);
#1420=ADVANCED_FACE('',(#133),#1347,.T.);
#1421=ADVANCED_FACE('',(#134),#59,.T.);
#1422=ADVANCED_FACE('',(#135),#1348,.T.);
#1423=ADVANCED_FACE('',(#136),#60,.T.);
#1424=ADVANCED_FACE('',(#137),#1349,.T.);
#1425=ADVANCED_FACE('',(#138),#1350,.T.);
#1426=ADVANCED_FACE('',(#139),#61,.T.);
#1427=CLOSED_SHELL('',(#1351,#1352,#1353,#1354,#1355,#1356,#1357,#1358,
#1359,#1360,#1361,#1362,#1363,#1364,#1365,#1366,#1367,#1368,#1369,#1370,
#1371,#1372,#1373,#1374,#1375,#1376,#1377,#1378,#1379,#1380,#1381,#1382,
#1383,#1384,#1385,#1386,#1387,#1388,#1389,#1390,#1391,#1392,#1393,#1394,
#1395,#1396,#1397,#1398,#1399,#1400,#1401,#1402,#1403,#1404,#1405,#1406,
#1407,#1408,#1409,#1410,#1411,#1412,#1413,#1414,#1415,#1416,#1417,#1418,
#1419,#1420,#1421,#1422,#1423,#1424,#1425,#1426));
#1428=DERIVED_UNIT_ELEMENT(#1430,1.);
#1429=DERIVED_UNIT_ELEMENT(#4034,-3.);
#1430=(
MASS_UNIT()
NAMED_UNIT(*)
SI_UNIT(.KILO.,.GRAM.)
);
#1431=DERIVED_UNIT((#1428,#1429));
#1432=MEASURE_REPRESENTATION_ITEM('density measure',
POSITIVE_RATIO_MEASURE(7850.),#1431);
#1433=PROPERTY_DEFINITION_REPRESENTATION(#1438,#1435);
#1434=PROPERTY_DEFINITION_REPRESENTATION(#1439,#1436);
#1435=REPRESENTATION('material name',(#1437),#4031);
#1436=REPRESENTATION('density',(#1432),#4031);
#1437=DESCRIPTIVE_REPRESENTATION_ITEM('Steel','Steel');
#1438=PROPERTY_DEFINITION('material property','material name',#4041);
#1439=PROPERTY_DEFINITION('material property','density of part',#4041);
#1440=AXIS2_PLACEMENT_3D('',#1890,#1551,#1552);
#1441=AXIS2_PLACEMENT_3D('',#1891,#1553,#1554);
#1442=AXIS2_PLACEMENT_3D('',#1910,#1556,#1557);
#1443=AXIS2_PLACEMENT_3D('',#1930,#1558,#1559);
#1444=AXIS2_PLACEMENT_3D('',#1981,#1561,#1562);
#1445=AXIS2_PLACEMENT_3D('',#2032,#1564,#1565);
#1446=AXIS2_PLACEMENT_3D('',#2080,#1567,#1568);
#1447=AXIS2_PLACEMENT_3D('',#2131,#1570,#1571);
#1448=AXIS2_PLACEMENT_3D('',#2182,#1573,#1574);
#1449=AXIS2_PLACEMENT_3D('',#2230,#1576,#1577);
#1450=AXIS2_PLACEMENT_3D('',#2281,#1579,#1580);
#1451=AXIS2_PLACEMENT_3D('',#2332,#1582,#1583);
#1452=AXIS2_PLACEMENT_3D('',#2380,#1585,#1586);
#1453=AXIS2_PLACEMENT_3D('',#2431,#1588,#1589);
#1454=AXIS2_PLACEMENT_3D('',#2441,#1591,#1592);
#1455=AXIS2_PLACEMENT_3D('',#2452,#1593,#1594);
#1456=AXIS2_PLACEMENT_3D('',#2466,#1596,#1597);
#1457=AXIS2_PLACEMENT_3D('',#2476,#1598,#1599);
#1458=AXIS2_PLACEMENT_3D('',#2500,#1601,#1602);
#1459=AXIS2_PLACEMENT_3D('',#2525,#1604,#1605);
#1460=AXIS2_PLACEMENT_3D('',#2550,#1607,#1608);
#1461=AXIS2_PLACEMENT_3D('',#2574,#1610,#1611);
#1462=AXIS2_PLACEMENT_3D('',#2599,#1613,#1614);
#1463=AXIS2_PLACEMENT_3D('',#2624,#1616,#1617);
#1464=AXIS2_PLACEMENT_3D('',#2648,#1619,#1620);
#1465=AXIS2_PLACEMENT_3D('',#2673,#1622,#1623);
#1466=AXIS2_PLACEMENT_3D('',#2698,#1625,#1626);
#1467=AXIS2_PLACEMENT_3D('',#2722,#1628,#1629);
#1468=AXIS2_PLACEMENT_3D('',#2733,#1631,#1632);
#1469=AXIS2_PLACEMENT_3D('',#2739,#1633,#1634);
#1470=AXIS2_PLACEMENT_3D('',#3772,#1635,#1636);
#1471=AXIS2_PLACEMENT_3D('',#3781,#1641,#1642);
#1472=AXIS2_PLACEMENT_3D('',#3791,#1648,#1649);
#1473=AXIS2_PLACEMENT_3D('',#3802,#1655,#1656);
#1474=AXIS2_PLACEMENT_3D('',#3807,#1660,#1661);
#1475=AXIS2_PLACEMENT_3D('',#3816,#1666,#1667);
#1476=AXIS2_PLACEMENT_3D('',#3824,#1671,#1672);
#1477=AXIS2_PLACEMENT_3D('',#3826,#1673,#1674);
#1478=AXIS2_PLACEMENT_3D('',#3828,#1675,#1676);
#1479=AXIS2_PLACEMENT_3D('',#3832,#1679,#1680);
#1480=AXIS2_PLACEMENT_3D('',#3838,#1684,#1685);
#1481=AXIS2_PLACEMENT_3D('',#3842,#1687,#1688);
#1482=AXIS2_PLACEMENT_3D('',#3844,#1689,#1690);
#1483=AXIS2_PLACEMENT_3D('',#3846,#1691,#1692);
#1484=AXIS2_PLACEMENT_3D('',#3848,#1694,#1695);
#1485=AXIS2_PLACEMENT_3D('',#3852,#1697,#1698);
#1486=AXIS2_PLACEMENT_3D('',#3854,#1700,#1701);
#1487=AXIS2_PLACEMENT_3D('',#3856,#1702,#1703);
#1488=AXIS2_PLACEMENT_3D('',#3858,#1705,#1706);
#1489=AXIS2_PLACEMENT_3D('',#3861,#1708,#1709);
#1490=AXIS2_PLACEMENT_3D('',#3862,#1710,#1711);
#1491=AXIS2_PLACEMENT_3D('',#3864,#1713,#1714);
#1492=AXIS2_PLACEMENT_3D('',#3870,#1718,#1719);
#1493=AXIS2_PLACEMENT_3D('',#3873,#1721,#1722);
#1494=AXIS2_PLACEMENT_3D('',#3874,#1723,#1724);
#1495=AXIS2_PLACEMENT_3D('',#3877,#1726,#1727);
#1496=AXIS2_PLACEMENT_3D('',#3878,#1728,#1729);
#1497=AXIS2_PLACEMENT_3D('',#3881,#1731,#1732);
#1498=AXIS2_PLACEMENT_3D('',#3882,#1733,#1734);
#1499=AXIS2_PLACEMENT_3D('',#3886,#1737,#1738);
#1500=AXIS2_PLACEMENT_3D('',#3888,#1739,#1740);
#1501=AXIS2_PLACEMENT_3D('',#3891,#1742,#1743);
#1502=AXIS2_PLACEMENT_3D('',#3892,#1744,#1745);
#1503=AXIS2_PLACEMENT_3D('',#3895,#1747,#1748);
#1504=AXIS2_PLACEMENT_3D('',#3896,#1749,#1750);
#1505=AXIS2_PLACEMENT_3D('',#3897,#1751,#1752);
#1506=AXIS2_PLACEMENT_3D('',#3904,#1755,#1756);
#1507=AXIS2_PLACEMENT_3D('',#3908,#1759,#1760);
#1508=AXIS2_PLACEMENT_3D('',#3918,#1765,#1766);
#1509=AXIS2_PLACEMENT_3D('',#3920,#1767,#1768);
#1510=AXIS2_PLACEMENT_3D('',#3921,#1769,#1770);
#1511=AXIS2_PLACEMENT_3D('',#3925,#1772,#1773);
#1512=AXIS2_PLACEMENT_3D('',#3929,#1775,#1776);
#1513=AXIS2_PLACEMENT_3D('',#3933,#1778,#1779);
#1514=AXIS2_PLACEMENT_3D('',#3937,#1781,#1782);
#1515=AXIS2_PLACEMENT_3D('',#3940,#1784,#1785);
#1516=AXIS2_PLACEMENT_3D('',#3942,#1786,#1787);
#1517=AXIS2_PLACEMENT_3D('',#3943,#1788,#1789);
#1518=AXIS2_PLACEMENT_3D('',#3948,#1793,#1794);
#1519=AXIS2_PLACEMENT_3D('',#3952,#1797,#1798);
#1520=AXIS2_PLACEMENT_3D('',#3956,#1801,#1802);
#1521=AXIS2_PLACEMENT_3D('',#3960,#1805,#1806);
#1522=AXIS2_PLACEMENT_3D('',#3965,#1810,#1811);
#1523=AXIS2_PLACEMENT_3D('',#3967,#1812,#1813);
#1524=AXIS2_PLACEMENT_3D('',#3971,#1815,#1816);
#1525=AXIS2_PLACEMENT_3D('',#3973,#1818,#1819);
#1526=AXIS2_PLACEMENT_3D('',#3977,#1822,#1823);
#1527=AXIS2_PLACEMENT_3D('',#3980,#1826,#1827);
#1528=AXIS2_PLACEMENT_3D('',#3984,#1830,#1831);
#1529=AXIS2_PLACEMENT_3D('',#3985,#1832,#1833);
#1530=AXIS2_PLACEMENT_3D('',#3989,#1835,#1836);
#1531=AXIS2_PLACEMENT_3D('',#3993,#1838,#1839);
#1532=AXIS2_PLACEMENT_3D('',#3995,#1841,#1842);
#1533=AXIS2_PLACEMENT_3D('',#3998,#1845,#1846);
#1534=AXIS2_PLACEMENT_3D('',#3999,#1847,#1848);
#1535=AXIS2_PLACEMENT_3D('',#4001,#1849,#1850);
#1536=AXIS2_PLACEMENT_3D('',#4003,#1852,#1853);
#1537=AXIS2_PLACEMENT_3D('',#4005,#1854,#1855);
#1538=AXIS2_PLACEMENT_3D('',#4006,#1856,#1857);
#1539=AXIS2_PLACEMENT_3D('',#4008,#1858,#1859);
#1540=AXIS2_PLACEMENT_3D('',#4010,#1861,#1862);
#1541=AXIS2_PLACEMENT_3D('',#4012,#1863,#1864);
#1542=AXIS2_PLACEMENT_3D('',#4013,#1865,#1866);
#1543=AXIS2_PLACEMENT_3D('',#4015,#1868,#1869);
#1544=AXIS2_PLACEMENT_3D('',#4017,#1871,#1872);
#1545=AXIS2_PLACEMENT_3D('',#4019,#1874,#1875);
#1546=AXIS2_PLACEMENT_3D('',#4021,#1877,#1878);
#1547=AXIS2_PLACEMENT_3D('',#4023,#1880,#1881);
#1548=AXIS2_PLACEMENT_3D('',#4025,#1883,#1884);
#1549=AXIS2_PLACEMENT_3D('',#4026,#1885,#1886);
#1550=AXIS2_PLACEMENT_3D('',#4028,#1888,#1889);
#1551=DIRECTION('axis',(0.,0.,1.));
#1552=DIRECTION('refdir',(1.,0.,0.));
#1553=DIRECTION('center_axis',(0.,0.,1.));
#1554=DIRECTION('ref_axis',(0.937378216162612,0.348313192204659,0.));
#1555=DIRECTION('',(0.,0.,-1.));
#1556=DIRECTION('center_axis',(0.,0.,1.));
#1557=DIRECTION('ref_axis',(1.,0.,0.));
#1558=DIRECTION('center_axis',(0.,0.,1.));
#1559=DIRECTION('ref_axis',(1.,0.,0.));
#1560=DIRECTION('',(0.,0.,-1.));
#1561=DIRECTION('center_axis',(0.,0.,1.));
#1562=DIRECTION('ref_axis',(1.,0.,0.));
#1563=DIRECTION('',(0.,0.,-1.));
#1564=DIRECTION('center_axis',(0.,0.,1.));
#1565=DIRECTION('ref_axis',(1.,0.,0.));
#1566=DIRECTION('',(0.,0.,-1.));
#1567=DIRECTION('center_axis',(0.,0.,1.));
#1568=DIRECTION('ref_axis',(1.,0.,0.));
#1569=DIRECTION('',(0.,0.,-1.));
#1570=DIRECTION('center_axis',(0.,0.,1.));
#1571=DIRECTION('ref_axis',(1.,0.,0.));
#1572=DIRECTION('',(0.,0.,-1.));
#1573=DIRECTION('center_axis',(0.,0.,1.));
#1574=DIRECTION('ref_axis',(1.,0.,0.));
#1575=DIRECTION('',(0.,0.,-1.));
#1576=DIRECTION('center_axis',(0.,0.,1.));
#1577=DIRECTION('ref_axis',(1.,0.,0.));
#1578=DIRECTION('',(0.,0.,-1.));
#1579=DIRECTION('center_axis',(0.,0.,1.));
#1580=DIRECTION('ref_axis',(1.,0.,0.));
#1581=DIRECTION('',(0.,0.,-1.));
#1582=DIRECTION('center_axis',(0.,0.,1.));
#1583=DIRECTION('ref_axis',(1.,0.,0.));
#1584=DIRECTION('',(0.,0.,-1.));
#1585=DIRECTION('center_axis',(0.,0.,1.));
#1586=DIRECTION('ref_axis',(1.,0.,0.));
#1587=DIRECTION('',(0.,0.,-1.));
#1588=DIRECTION('center_axis',(0.,0.,1.));
#1589=DIRECTION('ref_axis',(-0.348595786563669,-0.937273160604771,0.));
#1590=DIRECTION('',(0.,0.,-1.));
#1591=DIRECTION('center_axis',(0.,0.,1.));
#1592=DIRECTION('ref_axis',(1.,0.,0.));
#1593=DIRECTION('center_axis',(0.,0.,1.));
#1594=DIRECTION('ref_axis',(1.,4.8927521500007E-14,0.));
#1595=DIRECTION('',(1.22464679914735E-16,6.00689085734631E-30,1.));
#1596=DIRECTION('center_axis',(0.,0.,-1.));
#1597=DIRECTION('ref_axis',(1.,4.8927521500007E-14,0.));
#1598=DIRECTION('center_axis',(0.,0.,1.));
#1599=DIRECTION('ref_axis',(1.,4.8927521500007E-14,0.));
#1600=DIRECTION('',(1.22464679914735E-16,6.00689085734631E-30,1.));
#1601=DIRECTION('center_axis',(0.,0.,1.));
#1602=DIRECTION('ref_axis',(1.,4.8927521500007E-14,0.));
#1603=DIRECTION('',(1.22464679914735E-16,6.00689085734631E-30,1.));
#1604=DIRECTION('center_axis',(0.,0.,1.));
#1605=DIRECTION('ref_axis',(1.,4.8927521500007E-14,0.));
#1606=DIRECTION('',(1.22464679914735E-16,6.00689085734631E-30,1.));
#1607=DIRECTION('center_axis',(0.,0.,1.));
#1608=DIRECTION('ref_axis',(1.,4.8927521500007E-14,0.));
#1609=DIRECTION('',(1.22464679914735E-16,6.00689085734631E-30,1.));
#1610=DIRECTION('center_axis',(0.,0.,1.));
#1611=DIRECTION('ref_axis',(1.,4.8927521500007E-14,0.));
#1612=DIRECTION('',(1.22464679914735E-16,6.00689085734631E-30,1.));
#1613=DIRECTION('center_axis',(0.,0.,1.));
#1614=DIRECTION('ref_axis',(1.,4.8927521500007E-14,0.));
#1615=DIRECTION('',(1.22464679914735E-16,6.00689085734631E-30,1.));
#1616=DIRECTION('center_axis',(0.,0.,1.));
#1617=DIRECTION('ref_axis',(1.,4.8927521500007E-14,0.));
#1618=DIRECTION('',(1.22464679914735E-16,6.00689085734631E-30,1.));
#1619=DIRECTION('center_axis',(0.,0.,1.));
#1620=DIRECTION('ref_axis',(1.,4.8927521500007E-14,0.));
#1621=DIRECTION('',(1.22464679914735E-16,6.00689085734631E-30,1.));
#1622=DIRECTION('center_axis',(0.,0.,1.));
#1623=DIRECTION('ref_axis',(1.,4.8927521500007E-14,0.));
#1624=DIRECTION('',(1.22464679914735E-16,6.00689085734631E-30,1.));
#1625=DIRECTION('center_axis',(0.,0.,1.));
#1626=DIRECTION('ref_axis',(1.,4.8927521500007E-14,0.));
#1627=DIRECTION('',(1.22464679914735E-16,6.00689085734631E-30,1.));
#1628=DIRECTION('center_axis',(0.,0.,1.));
#1629=DIRECTION('ref_axis',(-0.609160258807619,0.793047148087322,0.));
#1630=DIRECTION('',(1.22464679914735E-16,6.00689085734631E-30,1.));
#1631=DIRECTION('center_axis',(0.,0.,1.));
#1632=DIRECTION('ref_axis',(1.,4.8927521500007E-14,0.));
#1633=DIRECTION('center_axis',(0.,0.,1.));
#1634=DIRECTION('ref_axis',(1.,4.8927521500007E-14,0.));
#1635=DIRECTION('center_axis',(0.707106781186548,-0.707106781186547,0.));
#1636=DIRECTION('ref_axis',(0.,0.,-1.));
#1637=DIRECTION('',(0.707106781186547,0.707106781186548,0.));
#1638=DIRECTION('',(0.,0.,1.));
#1639=DIRECTION('',(-0.707106781186547,-0.707106781186548,0.));
#1640=DIRECTION('',(0.,0.,-1.));
#1641=DIRECTION('center_axis',(0.,-1.,0.));
#1642=DIRECTION('ref_axis',(1.,0.,0.));
#1643=DIRECTION('',(1.,0.,0.));
#1644=DIRECTION('',(0.,0.,1.));
#1645=DIRECTION('',(1.,0.,0.));
#1646=DIRECTION('',(0.707106781186548,0.,0.707106781186547));
#1647=DIRECTION('',(1.,0.,0.));
#1648=DIRECTION('center_axis',(0.707106781186548,0.707106781186547,0.));
#1649=DIRECTION('ref_axis',(0.,0.,-1.));
#1650=DIRECTION('',(0.707106781186547,-0.707106781186548,0.));
#1651=DIRECTION('',(0.,0.,-1.));
#1652=DIRECTION('',(-0.707106781186547,0.707106781186548,0.));
#1653=DIRECTION('',(0.,0.,1.));
#1654=DIRECTION('',(0.577350269189625,-0.577350269189626,0.577350269189626));
#1655=DIRECTION('center_axis',(1.,7.30409884621814E-17,0.));
#1656=DIRECTION('ref_axis',(-7.30409884621814E-17,1.,0.));
#1657=DIRECTION('',(-7.30409884621814E-17,1.,0.));
#1658=DIRECTION('',(-5.16477782461768E-17,0.707106781186547,-0.707106781186548));
#1659=DIRECTION('',(-7.30409884621814E-17,1.,0.));
#1660=DIRECTION('center_axis',(-0.707106781186547,5.60747306672777E-17,
0.707106781186548));
#1661=DIRECTION('ref_axis',(0.707106781186548,0.,0.707106781186547));
#1662=DIRECTION('',(-0.707106781186548,0.,-0.707106781186547));
#1663=DIRECTION('',(-7.93016446160826E-17,-1.,0.));
#1664=DIRECTION('',(0.707106781186548,0.,0.707106781186547));
#1665=DIRECTION('',(-7.93016446160826E-17,-1.,0.));
#1666=DIRECTION('center_axis',(0.,0.,1.));
#1667=DIRECTION('ref_axis',(1.,0.,0.));
#1668=DIRECTION('',(-1.,0.,0.));
#1669=DIRECTION('',(1.79068229778251E-16,1.,0.));
#1670=DIRECTION('',(1.,-7.16272919113004E-17,0.));
#1671=DIRECTION('center_axis',(0.,0.,-1.));
#1672=DIRECTION('ref_axis',(-0.547722557505166,0.836660026534076,0.));
#1673=DIRECTION('center_axis',(0.,0.,1.));
#1674=DIRECTION('ref_axis',(1.,0.,0.));
#1675=DIRECTION('center_axis',(0.,0.,-1.));
#1676=DIRECTION('ref_axis',(-0.836660026534076,0.547722557505166,0.));
#1677=DIRECTION('',(0.,1.,0.));
#1678=DIRECTION('',(1.,0.,0.));
#1679=DIRECTION('center_axis',(-0.707106781186547,5.60747306672777E-17,
0.707106781186548));
#1680=DIRECTION('ref_axis',(0.707106781186548,0.,0.707106781186547));
#1681=DIRECTION('',(-0.707106781186548,0.,-0.707106781186547));
#1682=DIRECTION('',(-7.93016446160826E-17,-1.,0.));
#1683=DIRECTION('',(-7.93016446160826E-17,-1.,0.));
#1684=DIRECTION('center_axis',(0.,0.,1.));
#1685=DIRECTION('ref_axis',(1.,0.,0.));
#1686=DIRECTION('',(-1.,0.,0.));
#1687=DIRECTION('center_axis',(0.,0.,-1.));
#1688=DIRECTION('ref_axis',(-0.707106781186548,-0.707106781186547,0.));
#1689=DIRECTION('center_axis',(0.,0.,1.));
#1690=DIRECTION('ref_axis',(0.916515138991168,-0.4,0.));
#1691=DIRECTION('center_axis',(0.,0.,-1.));
#1692=DIRECTION('ref_axis',(-0.707106781186548,-0.707106781186548,0.));
#1693=DIRECTION('',(-1.,-8.09866756463262E-17,0.));
#1694=DIRECTION('center_axis',(0.,0.,1.));
#1695=DIRECTION('ref_axis',(-0.707106781186548,-0.707106781186547,0.));
#1696=DIRECTION('',(-0.707106781186547,0.,0.707106781186548));
#1697=DIRECTION('center_axis',(0.,0.,1.));
#1698=DIRECTION('ref_axis',(-0.707106781186548,-0.707106781186547,0.));
#1699=DIRECTION('',(0.,0.707106781186547,-0.707106781186548));
#1700=DIRECTION('center_axis',(0.,0.,-1.));
#1701=DIRECTION('ref_axis',(0.916515138991168,-0.4,0.));
#1702=DIRECTION('center_axis',(0.,0.,1.));
#1703=DIRECTION('ref_axis',(0.916515138991168,-0.4,0.));
#1704=DIRECTION('',(0.707106781186548,0.,-0.707106781186547));
#1705=DIRECTION('center_axis',(0.,0.,1.));
#1706=DIRECTION('ref_axis',(-0.707106781186548,-0.707106781186548,0.));
#1707=DIRECTION('',(0.,0.707106781186548,-0.707106781186547));
#1708=DIRECTION('center_axis',(0.,0.,1.));
#1709=DIRECTION('ref_axis',(-0.707106781186548,-0.707106781186548,0.));
#1710=DIRECTION('center_axis',(-5.72662275352727E-17,0.707106781186548,
0.707106781186547));
#1711=DIRECTION('ref_axis',(1.,0.,8.09866756463263E-17));
#1712=DIRECTION('',(-1.,-8.09866756463262E-17,0.));
#1713=DIRECTION('center_axis',(0.707106781186547,0.,0.707106781186548));
#1714=DIRECTION('ref_axis',(0.707106781186548,0.,-0.707106781186547));
#1715=DIRECTION('',(0.707106781186548,0.,-0.707106781186547));
#1716=DIRECTION('',(-0.707106781186548,0.,0.707106781186547));
#1717=DIRECTION('',(0.,1.,0.));
#1718=DIRECTION('center_axis',(0.,0.,1.));
#1719=DIRECTION('ref_axis',(-0.836660026534076,0.547722557505165,0.));
#1720=DIRECTION('',(-0.282842712474619,0.648074069840786,0.707106781186548));
#1721=DIRECTION('center_axis',(0.,0.,1.));
#1722=DIRECTION('ref_axis',(-0.836660026534076,0.547722557505166,0.));
#1723=DIRECTION('center_axis',(0.,0.,-1.));
#1724=DIRECTION('ref_axis',(1.,0.,0.));
#1725=DIRECTION('',(-0.648074069840787,0.282842712474619,0.707106781186547));
#1726=DIRECTION('center_axis',(0.,0.,1.));
#1727=DIRECTION('ref_axis',(1.,0.,0.));
#1728=DIRECTION('center_axis',(0.,0.,1.));
#1729=DIRECTION('ref_axis',(-0.547722557505166,0.836660026534075,0.));
#1730=DIRECTION('',(0.,0.707106781186547,0.707106781186548));
#1731=DIRECTION('center_axis',(0.,0.,1.));
#1732=DIRECTION('ref_axis',(-0.547722557505166,0.836660026534076,0.));
#1733=DIRECTION('center_axis',(-5.06481438285088E-17,-0.707106781186547,
0.707106781186548));
#1734=DIRECTION('ref_axis',(1.,0.,7.16272919113003E-17));
#1735=DIRECTION('',(1.26620359571272E-16,0.707106781186548,0.707106781186547));
#1736=DIRECTION('',(1.,-7.16272919113004E-17,0.));
#1737=DIRECTION('center_axis',(0.,0.,-1.));
#1738=DIRECTION('ref_axis',(1.,0.,0.));
#1739=DIRECTION('center_axis',(0.,0.,-1.));
#1740=DIRECTION('ref_axis',(1.,0.,0.));
#1741=DIRECTION('',(-0.707106781186548,-8.65956056235493E-17,-0.707106781186548));
#1742=DIRECTION('center_axis',(0.,0.,1.));
#1743=DIRECTION('ref_axis',(1.,0.,0.));
#1744=DIRECTION('center_axis',(0.,0.,1.));
#1745=DIRECTION('ref_axis',(1.,0.,0.));
#1746=DIRECTION('',(0.,0.,-1.));
#1747=DIRECTION('center_axis',(0.,0.,-1.));
#1748=DIRECTION('ref_axis',(1.,0.,0.));
#1749=DIRECTION('center_axis',(0.,0.,1.));
#1750=DIRECTION('ref_axis',(1.,0.,0.));
#1751=DIRECTION('center_axis',(0.,0.,1.));
#1752=DIRECTION('ref_axis',(1.,0.,0.));
#1753=DIRECTION('',(1.,0.,0.));
#1754=DIRECTION('',(0.,1.,0.));
#1755=DIRECTION('center_axis',(0.,0.,1.));
#1756=DIRECTION('ref_axis',(1.,0.,0.));
#1757=DIRECTION('',(-1.,0.,0.));
#1758=DIRECTION('',(-1.79068229778251E-16,-1.,0.));
#1759=DIRECTION('center_axis',(0.,0.,1.));
#1760=DIRECTION('ref_axis',(1.,0.,0.));
#1761=DIRECTION('',(-1.,0.,0.));
#1762=DIRECTION('',(0.,-1.,0.));
#1763=DIRECTION('',(1.,0.,0.));
#1764=DIRECTION('',(0.,1.,0.));
#1765=DIRECTION('center_axis',(0.,0.,-1.));
#1766=DIRECTION('ref_axis',(1.,0.,0.));
#1767=DIRECTION('center_axis',(0.,0.,-1.));
#1768=DIRECTION('ref_axis',(1.,0.,0.));
#1769=DIRECTION('center_axis',(0.,0.,1.));
#1770=DIRECTION('ref_axis',(1.,0.,0.));
#1771=DIRECTION('',(-1.,0.,0.));
#1772=DIRECTION('center_axis',(0.,0.,1.));
#1773=DIRECTION('ref_axis',(0.,-1.,0.));
#1774=DIRECTION('',(1.,0.,0.));
#1775=DIRECTION('center_axis',(0.,0.,1.));
#1776=DIRECTION('ref_axis',(-1.,0.,0.));
#1777=DIRECTION('',(0.,-1.,0.));
#1778=DIRECTION('center_axis',(0.,0.,1.));
#1779=DIRECTION('ref_axis',(1.,0.,0.));
#1780=DIRECTION('',(-1.,0.,0.));
#1781=DIRECTION('center_axis',(0.,0.,1.));
#1782=DIRECTION('ref_axis',(1.,0.,0.));
#1783=DIRECTION('',(0.,1.,0.));
#1784=DIRECTION('center_axis',(0.,0.,-1.));
#1785=DIRECTION('ref_axis',(1.,0.,0.));
#1786=DIRECTION('center_axis',(0.,0.,-1.));
#1787=DIRECTION('ref_axis',(1.,0.,0.));
#1788=DIRECTION('center_axis',(0.,1.,0.));
#1789=DIRECTION('ref_axis',(-1.,0.,0.));
#1790=DIRECTION('',(0.,0.,1.));
#1791=DIRECTION('',(-1.,0.,0.));
#1792=DIRECTION('',(0.,0.,1.));
#1793=DIRECTION('center_axis',(0.,0.,1.));
#1794=DIRECTION('ref_axis',(1.,0.,0.));
#1795=DIRECTION('',(1.,0.,0.));
#1796=DIRECTION('',(0.,1.,0.));
#1797=DIRECTION('center_axis',(1.,-1.79068229778251E-16,0.));
#1798=DIRECTION('ref_axis',(1.79068229778251E-16,1.,0.));
#1799=DIRECTION('',(0.,0.,1.));
#1800=DIRECTION('',(1.79068229778251E-16,1.,0.));
#1801=DIRECTION('center_axis',(0.,-1.,0.));
#1802=DIRECTION('ref_axis',(1.,0.,0.));
#1803=DIRECTION('',(0.,0.,1.));
#1804=DIRECTION('',(1.,0.,0.));
#1805=DIRECTION('center_axis',(0.,-1.,0.));
#1806=DIRECTION('ref_axis',(1.,0.,0.));
#1807=DIRECTION('',(0.,0.,1.));
#1808=DIRECTION('',(1.,0.,0.));
#1809=DIRECTION('',(0.,0.,1.));
#1810=DIRECTION('center_axis',(0.,0.,1.));
#1811=DIRECTION('ref_axis',(1.,0.,0.));
#1812=DIRECTION('center_axis',(0.,0.,1.));
#1813=DIRECTION('ref_axis',(1.,0.,0.));
#1814=DIRECTION('',(-1.,0.,0.));
#1815=DIRECTION('center_axis',(0.,0.,1.));
#1816=DIRECTION('ref_axis',(1.,0.,0.));
#1817=DIRECTION('',(0.,-1.,0.));
#1818=DIRECTION('center_axis',(0.,0.,1.));
#1819=DIRECTION('ref_axis',(1.,0.,0.));
#1820=DIRECTION('',(0.,1.,0.));
#1821=DIRECTION('',(-1.,0.,0.));
#1822=DIRECTION('center_axis',(1.,0.,0.));
#1823=DIRECTION('ref_axis',(0.,1.,0.));
#1824=DIRECTION('',(0.,0.,1.));
#1825=DIRECTION('',(0.,0.,1.));
#1826=DIRECTION('center_axis',(0.,1.,0.));
#1827=DIRECTION('ref_axis',(-1.,0.,0.));
#1828=DIRECTION('',(0.,0.,1.));
#1829=DIRECTION('',(-1.,0.,0.));
#1830=DIRECTION('center_axis',(0.,0.,1.));
#1831=DIRECTION('ref_axis',(1.,0.,0.));
#1832=DIRECTION('center_axis',(0.,0.,1.));
#1833=DIRECTION('ref_axis',(1.,0.,0.));
#1834=DIRECTION('',(0.,-1.,0.));
#1835=DIRECTION('center_axis',(0.,0.,1.));
#1836=DIRECTION('ref_axis',(-1.,0.,0.));
#1837=DIRECTION('',(1.,0.,0.));
#1838=DIRECTION('center_axis',(0.,0.,1.));
#1839=DIRECTION('ref_axis',(0.,-1.,0.));
#1840=DIRECTION('',(-1.,0.,0.));
#1841=DIRECTION('center_axis',(-1.,0.,0.));
#1842=DIRECTION('ref_axis',(0.,-1.,0.));
#1843=DIRECTION('',(0.,0.,1.));
#1844=DIRECTION('',(0.,0.,1.));
#1845=DIRECTION('center_axis',(0.,0.,1.));
#1846=DIRECTION('ref_axis',(1.,0.,0.));
#1847=DIRECTION('center_axis',(0.,0.,1.));
#1848=DIRECTION('ref_axis',(1.,0.,0.));
#1849=DIRECTION('center_axis',(0.,0.,1.));
#1850=DIRECTION('ref_axis',(1.,0.,0.));
#1851=DIRECTION('',(0.,0.,1.));
#1852=DIRECTION('center_axis',(0.,0.,1.));
#1853=DIRECTION('ref_axis',(1.,0.,0.));
#1854=DIRECTION('center_axis',(0.,0.,1.));
#1855=DIRECTION('ref_axis',(1.,0.,0.));
#1856=DIRECTION('center_axis',(0.,0.,1.));
#1857=DIRECTION('ref_axis',(1.,0.,0.));
#1858=DIRECTION('center_axis',(0.,0.,1.));
#1859=DIRECTION('ref_axis',(1.,0.,0.));
#1860=DIRECTION('',(0.,0.,1.));
#1861=DIRECTION('center_axis',(0.,0.,1.));
#1862=DIRECTION('ref_axis',(1.,0.,0.));
#1863=DIRECTION('center_axis',(0.,0.,1.));
#1864=DIRECTION('ref_axis',(1.,0.,0.));
#1865=DIRECTION('center_axis',(0.,0.,1.));
#1866=DIRECTION('ref_axis',(1.,0.,0.));
#1867=DIRECTION('',(0.,0.,-1.));
#1868=DIRECTION('center_axis',(0.,0.,1.));
#1869=DIRECTION('ref_axis',(1.,0.,0.));
#1870=DIRECTION('',(0.,0.,-1.));
#1871=DIRECTION('center_axis',(0.,0.,1.));
#1872=DIRECTION('ref_axis',(1.,0.,0.));
#1873=DIRECTION('',(0.,0.,1.));
#1874=DIRECTION('center_axis',(0.,1.,0.));
#1875=DIRECTION('ref_axis',(-1.,0.,0.));
#1876=DIRECTION('',(0.,0.,1.));
#1877=DIRECTION('center_axis',(0.,0.,1.));
#1878=DIRECTION('ref_axis',(0.,-1.,0.));
#1879=DIRECTION('',(0.,0.,1.));
#1880=DIRECTION('center_axis',(0.,-1.,0.));
#1881=DIRECTION('ref_axis',(1.,0.,0.));
#1882=DIRECTION('',(0.,0.,1.));
#1883=DIRECTION('center_axis',(0.,0.,1.));
#1884=DIRECTION('ref_axis',(-1.,0.,0.));
#1885=DIRECTION('center_axis',(0.,0.,1.));
#1886=DIRECTION('ref_axis',(1.,0.,0.));
#1887=DIRECTION('',(0.,0.,1.));
#1888=DIRECTION('center_axis',(0.,1.,0.));
#1889=DIRECTION('ref_axis',(-1.,0.,0.));
#1890=CARTESIAN_POINT('',(0.,0.,0.));
#1891=CARTESIAN_POINT('Origin',(-20.,-15.,0.));
#1892=CARTESIAN_POINT('',(-21.2631960404215,-15.0008803928329,3.44341967361941));
#1893=CARTESIAN_POINT('',(-21.2658583108413,-15.0007639492487,3.30658032638058));
#1894=CARTESIAN_POINT('',(-21.2645,-15.,0.));
#1895=CARTESIAN_POINT('',(-19.0418838472776,-15.8252112989365,3.));
#1896=CARTESIAN_POINT('Ctrl Pts',(-21.2658583108413,-15.0007639492487,3.30658032638058));
#1897=CARTESIAN_POINT('Ctrl Pts',(-21.2631341489781,-14.6331772109524,3.28337139771486));
#1898=CARTESIAN_POINT('Ctrl Pts',(-21.0936809732613,-14.2634951312451,3.26016246904915));
#1899=CARTESIAN_POINT('Ctrl Pts',(-20.811888997576,-14.0280368073666,3.23695354038343));
#1900=CARTESIAN_POINT('Ctrl Pts',(-20.4922246359658,-13.7609332654526,3.21062536922972));
#1901=CARTESIAN_POINT('Ctrl Pts',(-20.0279960008555,-13.6665568645914,3.184297198076));
#1902=CARTESIAN_POINT('Ctrl Pts',(-19.6296930646126,-13.7885788011018,3.15796902692228));
#1903=CARTESIAN_POINT('Ctrl Pts',(-19.2313901283696,-13.9106007376122,3.13164085576857));
#1904=CARTESIAN_POINT('Ctrl Pts',(-18.8990128909939,-14.2490210114942,3.10531268461486));
#1905=CARTESIAN_POINT('Ctrl Pts',(-18.783381122691,-14.6484255758185,3.07898451346114));
#1906=CARTESIAN_POINT('Ctrl Pts',(-18.667749354388,-15.0478301401428,3.05265634230743));
#1907=CARTESIAN_POINT('Ctrl Pts',(-18.7688630551576,-15.5082189949092,3.02632817115371));
#1908=CARTESIAN_POINT('Ctrl Pts',(-19.0418838472776,-15.8252112989365,3.));
#1909=CARTESIAN_POINT('',(-20.959920862908,-15.8264916073687,3.));
#1910=CARTESIAN_POINT('Origin',(-20.,-15.,3.));
#1911=CARTESIAN_POINT('Ctrl Pts',(-20.9599248471403,-15.8264944338869,3.));
#1912=CARTESIAN_POINT('Ctrl Pts',(-20.6970091571793,-16.1302376501995,3.02538716347138));
#1913=CARTESIAN_POINT('Ctrl Pts',(-20.2766799687783,-16.2995505119522,3.05077432694275));
#1914=CARTESIAN_POINT('Ctrl Pts',(-19.8769077920239,-16.2604464563298,3.07616149041413));
#1915=CARTESIAN_POINT('Ctrl Pts',(-19.4623175482596,-16.2198929588746,3.10248966156784));
#1916=CARTESIAN_POINT('Ctrl Pts',(-19.0698365034609,-15.9551857189747,3.12881783272156));
#1917=CARTESIAN_POINT('Ctrl Pts',(-18.8771869302344,-15.5859922820872,3.15514600387527));
#1918=CARTESIAN_POINT('Ctrl Pts',(-18.684537357008,-15.2167988451998,3.18147417502899));
#1919=CARTESIAN_POINT('Ctrl Pts',(-18.6917192553538,-14.7431192113248,3.2078023461827));
#1920=CARTESIAN_POINT('Ctrl Pts',(-18.8956016485269,-14.3799245463165,3.23413051733642));
#1921=CARTESIAN_POINT('Ctrl Pts',(-19.0994840417,-14.0167298813083,3.26045868849013));
#1922=CARTESIAN_POINT('Ctrl Pts',(-19.5000669297003,-13.7640201851668,3.28678685964385));
#1923=CARTESIAN_POINT('Ctrl Pts',(-19.9156445015689,-13.7362901795935,3.31311503079756));
#1924=CARTESIAN_POINT('Ctrl Pts',(-20.3312220734374,-13.7085601740203,3.33944320195128));
#1925=CARTESIAN_POINT('Ctrl Pts',(-20.7617943291742,-13.9058098590153,3.36577137310499));
#1926=CARTESIAN_POINT('Ctrl Pts',(-21.012154504566,-14.2386463748277,3.39209954425871));
#1927=CARTESIAN_POINT('Ctrl Pts',(-21.1748258438558,-14.4549066554694,3.40920625404561));
#1928=CARTESIAN_POINT('Ctrl Pts',(-21.2614163096029,-14.7284081849204,3.42631296383251));
#1929=CARTESIAN_POINT('Ctrl Pts',(-21.2631960404215,-15.0008803928329,3.44341967361941));
#1930=CARTESIAN_POINT('Origin',(-20.,-15.,0.));
#1931=CARTESIAN_POINT('',(-21.2665136325374,-15.0001510648642,3.94341967361942));
#1932=CARTESIAN_POINT('',(-21.2647704053851,-14.9988913414293,3.80658032638058));
#1933=CARTESIAN_POINT('',(-21.2645,-15.,0.));
#1934=CARTESIAN_POINT('Ctrl Pts',(-21.2647704053851,-14.9988913414293,3.80658032638058));
#1935=CARTESIAN_POINT('Ctrl Pts',(-21.2655748016469,-14.9103219863852,3.8010019291242));
#1936=CARTESIAN_POINT('Ctrl Pts',(-21.2570542353299,-14.8219063665465,3.79542353186782));
#1937=CARTESIAN_POINT('Ctrl Pts',(-21.2386324450443,-14.7356043819539,3.78984513461145));
#1938=CARTESIAN_POINT('Ctrl Pts',(-21.1516877501243,-14.3282878505503,3.76351696345773));
#1939=CARTESIAN_POINT('Ctrl Pts',(-20.8441908561222,-13.9680530640952,3.73718879230402));
#1940=CARTESIAN_POINT('Ctrl Pts',(-20.4555739886207,-13.8182378812264,3.7108606211503));
#1941=CARTESIAN_POINT('Ctrl Pts',(-20.0669571211191,-13.6684226983576,3.68453244999659));
#1942=CARTESIAN_POINT('Ctrl Pts',(-19.5972202801181,-13.729027119075,3.65820427884287));
#1943=CARTESIAN_POINT('Ctrl Pts',(-19.2593621705777,-13.9725860280791,3.63187610768915));
#1944=CARTESIAN_POINT('Ctrl Pts',(-18.9215040610372,-14.2161449370831,3.60554793653544));
#1945=CARTESIAN_POINT('Ctrl Pts',(-18.7155246829572,-14.6426583343737,3.57921976538173));
#1946=CARTESIAN_POINT('Ctrl Pts',(-18.7348239221819,-15.0586966252695,3.55289159422801));
#1947=CARTESIAN_POINT('Ctrl Pts',(-18.7541231614067,-15.4747349161653,3.5265634230743));
#1948=CARTESIAN_POINT('Ctrl Pts',(-18.9987010179362,-15.8802981006663,3.50023525192058));
#1949=CARTESIAN_POINT('Ctrl Pts',(-19.3576553642745,-16.0915453873183,3.47390708076687));
#1950=CARTESIAN_POINT('Ctrl Pts',(-19.7166097106127,-16.3027926739704,3.44757890961315));
#1951=CARTESIAN_POINT('Ctrl Pts',(-20.1899405467597,-16.3197240627734,3.42125073845944));
#1952=CARTESIAN_POINT('Ctrl Pts',(-20.5630196569165,-16.1345474677812,3.39492256730572));
#1953=CARTESIAN_POINT('Ctrl Pts',(-20.9360987670733,-15.9493708727889,3.36859439615201));
#1954=CARTESIAN_POINT('Ctrl Pts',(-21.20892615124,-15.5620862940014,3.34226622499829));
#1955=CARTESIAN_POINT('Ctrl Pts',(-21.2577897992683,-15.1485286631243,3.31593805384458));
#1956=CARTESIAN_POINT('Ctrl Pts',(-21.2635789430017,-15.0995322278635,3.31281881135658));
#1957=CARTESIAN_POINT('Ctrl Pts',(-21.2662244337913,-15.0501670125539,3.30969956886858));
#1958=CARTESIAN_POINT('Ctrl Pts',(-21.2658583108413,-15.0007639492487,3.30658032638058));
#1959=CARTESIAN_POINT('Ctrl Pts',(-21.2631960404215,-15.0008803928329,3.44341967361941));
#1960=CARTESIAN_POINT('Ctrl Pts',(-21.2641554136259,-15.147757961348,3.45264113498623));
#1961=CARTESIAN_POINT('Ctrl Pts',(-21.2404704376568,-15.2943364290544,3.46186259635304));
#1962=CARTESIAN_POINT('Ctrl Pts',(-21.1907736761077,-15.4314883544286,3.47108405771985));
#1963=CARTESIAN_POINT('Ctrl Pts',(-21.0488845772107,-15.8230704715875,3.49741222887357));
#1964=CARTESIAN_POINT('Ctrl Pts',(-20.69495828437,-16.1378113592754,3.52374040002728));
#1965=CARTESIAN_POINT('Ctrl Pts',(-20.2894887940304,-16.2330068621027,3.550068571181));
#1966=CARTESIAN_POINT('Ctrl Pts',(-19.8840193036909,-16.3282023649299,3.57639674233471));
#1967=CARTESIAN_POINT('Ctrl Pts',(-19.4270066158525,-16.2038524828964,3.60272491348843));
#1968=CARTESIAN_POINT('Ctrl Pts',(-19.1256753132783,-15.9163361920261,3.62905308464214));
#1969=CARTESIAN_POINT('Ctrl Pts',(-18.8243440107041,-15.6288199011558,3.65538125579585));
#1970=CARTESIAN_POINT('Ctrl Pts',(-18.6786940933942,-15.1781372014486,3.68170942694957));
#1971=CARTESIAN_POINT('Ctrl Pts',(-18.7547717444174,-14.7686502313758,3.70803759810329));
#1972=CARTESIAN_POINT('Ctrl Pts',(-18.8308493954406,-14.359163261303,3.734365769257));
#1973=CARTESIAN_POINT('Ctrl Pts',(-19.1286546147969,-13.9908720208644,3.76069394041072));
#1974=CARTESIAN_POINT('Ctrl Pts',(-19.5131486297733,-13.8307737443695,3.78702211156443));
#1975=CARTESIAN_POINT('Ctrl Pts',(-19.8976426447497,-13.6706754678747,3.81335028271815));
#1976=CARTESIAN_POINT('Ctrl Pts',(-20.3688254553462,-13.7187701553235,3.83967845387186));
#1977=CARTESIAN_POINT('Ctrl Pts',(-20.713043273336,-13.9532505111025,3.86600662502558));
#1978=CARTESIAN_POINT('Ctrl Pts',(-21.0504125816121,-14.1830656784157,3.89181097455686));
#1979=CARTESIAN_POINT('Ctrl Pts',(-21.2658187943713,-14.591923687404,3.91761532408814));
#1980=CARTESIAN_POINT('Ctrl Pts',(-21.2665136325374,-15.0001510648642,3.94341967361942));
#1981=CARTESIAN_POINT('Origin',(-20.,-15.,0.));
#1982=CARTESIAN_POINT('',(-21.26359374582,-14.9989751143429,4.44341967361942));
#1983=CARTESIAN_POINT('',(-21.2625405803611,-15.0002819998547,4.30658032638058));
#1984=CARTESIAN_POINT('',(-21.2645,-15.,0.));
#1985=CARTESIAN_POINT('Ctrl Pts',(-21.2625405803611,-15.0002819998547,4.30658032638058));
#1986=CARTESIAN_POINT('Ctrl Pts',(-21.2620819179165,-14.7726029462154,4.29230428937982));
#1987=CARTESIAN_POINT('Ctrl Pts',(-21.2032546557022,-14.5447029020456,4.27802825237907));
#1988=CARTESIAN_POINT('Ctrl Pts',(-21.08749366678,-14.3507910149439,4.26375221537831));
#1989=CARTESIAN_POINT('Ctrl Pts',(-20.8740047882414,-13.9931745873538,4.2374240442246));
#1990=CARTESIAN_POINT('Ctrl Pts',(-20.4668756449986,-13.75115705188,4.21109587307089));
#1991=CARTESIAN_POINT('Ctrl Pts',(-20.0507159640907,-13.7344793407396,4.18476770191717));
#1992=CARTESIAN_POINT('Ctrl Pts',(-19.6345562831827,-13.7178016295992,4.15843953076346));
#1993=CARTESIAN_POINT('Ctrl Pts',(-19.2093660646095,-13.9264637427922,4.13211135960974));
#1994=CARTESIAN_POINT('Ctrl Pts',(-18.9679446970231,-14.2658496581948,4.10578318845602));
#1995=CARTESIAN_POINT('Ctrl Pts',(-18.7265233294366,-14.6052355735974,4.07945501730231));
#1996=CARTESIAN_POINT('Ctrl Pts',(-18.6688708128368,-15.0753452912096,4.0531268461486));
#1997=CARTESIAN_POINT('Ctrl Pts',(-18.8211292592781,-15.4630104507799,4.02679867499488));
#1998=CARTESIAN_POINT('Ctrl Pts',(-18.9733877057193,-15.8506756103501,4.00047050384117));
#1999=CARTESIAN_POINT('Ctrl Pts',(-19.3355571152015,-16.1558962118784,3.97414233268745));
#2000=CARTESIAN_POINT('Ctrl Pts',(-19.743414421102,-16.240273288085,3.94781416153374));
#2001=CARTESIAN_POINT('Ctrl Pts',(-20.1512717270025,-16.3246503642917,3.92148599038002));
#2002=CARTESIAN_POINT('Ctrl Pts',(-20.6048169293213,-16.1881839151766,3.89515781922631));
#2003=CARTESIAN_POINT('Ctrl Pts',(-20.8983932825617,-15.8927515524431,3.86882964807259));
#2004=CARTESIAN_POINT('Ctrl Pts',(-21.1297668525594,-15.6599152231407,3.84807987417525));
#2005=CARTESIAN_POINT('Ctrl Pts',(-21.2617783200622,-15.3283397487288,3.82733010027792));
#2006=CARTESIAN_POINT('Ctrl Pts',(-21.2647704053851,-14.9988913414293,3.80658032638058));
#2007=CARTESIAN_POINT('Ctrl Pts',(-21.2665136325374,-15.0001510648642,3.94341967361942));
#2008=CARTESIAN_POINT('Ctrl Pts',(-21.2665277375724,-15.0084379750583,3.94394349524185));
#2009=CARTESIAN_POINT('Ctrl Pts',(-21.2664533644515,-15.0167246253821,3.94446731686429));
#2010=CARTESIAN_POINT('Ctrl Pts',(-21.2662897373251,-15.0250095128477,3.94499113848672));
#2011=CARTESIAN_POINT('Ctrl Pts',(-21.2580655579412,-15.4414221347045,3.97131930964044));
#2012=CARTESIAN_POINT('Ctrl Pts',(-21.0243643737903,-15.8533813543086,3.99764748079415));
#2013=CARTESIAN_POINT('Ctrl Pts',(-20.6711564337228,-16.0740875160577,4.02397565194787));
#2014=CARTESIAN_POINT('Ctrl Pts',(-20.3179484936553,-16.2947936778068,4.05030382310158));
#2015=CARTESIAN_POINT('Ctrl Pts',(-19.845233797671,-16.3242467817007,4.0766319942553));
#2016=CARTESIAN_POINT('Ctrl Pts',(-19.4673612791359,-16.1490914135121,4.10296016540901));
#2017=CARTESIAN_POINT('Ctrl Pts',(-19.0894887606008,-15.9739360453234,4.12928833656273));
#2018=CARTESIAN_POINT('Ctrl Pts',(-18.8064584195147,-15.5941722050521,4.15561650771644));
#2019=CARTESIAN_POINT('Ctrl Pts',(-18.7466083321462,-15.182001085033,4.18194467887016));
#2020=CARTESIAN_POINT('Ctrl Pts',(-18.6867582447776,-14.7698299650138,4.20827285002387));
#2021=CARTESIAN_POINT('Ctrl Pts',(-18.8500884111266,-14.3252515652469,4.23460102117759));
#2022=CARTESIAN_POINT('Ctrl Pts',(-19.1625379425,-14.0498566718792,4.2609291923313));
#2023=CARTESIAN_POINT('Ctrl Pts',(-19.4749874738734,-13.7744617785114,4.28725736348502));
#2024=CARTESIAN_POINT('Ctrl Pts',(-19.9365563702711,-13.6682503915429,4.31358553463873));
#2025=CARTESIAN_POINT('Ctrl Pts',(-20.3379496087665,-13.7793833023822,4.33991370579245));
#2026=CARTESIAN_POINT('Ctrl Pts',(-20.7393428472618,-13.8905162132214,4.36624187694616));
#2027=CARTESIAN_POINT('Ctrl Pts',(-21.0805604278547,-14.2189934218683,4.39257004809988));
#2028=CARTESIAN_POINT('Ctrl Pts',(-21.2068797331779,-14.6158693366022,4.41889821925359));
#2029=CARTESIAN_POINT('Ctrl Pts',(-21.2460967004702,-14.7390830427527,4.42707203737553));
#2030=CARTESIAN_POINT('Ctrl Pts',(-21.2646007402847,-14.8688893445719,4.43524585549747));
#2031=CARTESIAN_POINT('Ctrl Pts',(-21.26359374582,-14.9989751143429,4.44341967361942));
#2032=CARTESIAN_POINT('Origin',(-20.,-15.,0.));
#2033=CARTESIAN_POINT('',(-21.263118535433,-15.0008437189512,4.94341967361942));
#2034=CARTESIAN_POINT('',(-21.2657664562334,-15.0008442707647,4.80658032638058));
#2035=CARTESIAN_POINT('',(-21.2645,-15.,0.));
#2036=CARTESIAN_POINT('Ctrl Pts',(-21.2657664562334,-15.0008442707647,4.80658032638058));
#2037=CARTESIAN_POINT('Ctrl Pts',(-21.262958088771,-14.6368304687945,4.78360664963545));
#2038=CARTESIAN_POINT('Ctrl Pts',(-21.0973372788862,-14.2705855102054,4.76063297289032));
#2039=CARTESIAN_POINT('Ctrl Pts',(-20.8204778882548,-14.0351524528123,4.73765929614519));
#2040=CARTESIAN_POINT('Ctrl Pts',(-20.5031929580747,-13.7653427092935,4.71133112499147));
#2041=CARTESIAN_POINT('Ctrl Pts',(-20.0398128732766,-13.6673347345752,4.68500295383775));
#2042=CARTESIAN_POINT('Ctrl Pts',(-19.6404539379577,-13.7855695239805,4.65867478268404));
#2043=CARTESIAN_POINT('Ctrl Pts',(-19.2410950026389,-13.9038043133858,4.63234661153032));
#2044=CARTESIAN_POINT('Ctrl Pts',(-18.9057572167993,-14.2382818669148,4.60601844037661));
#2045=CARTESIAN_POINT('Ctrl Pts',(-18.7864970422753,-14.6373357939655,4.5796902692229));
#2046=CARTESIAN_POINT('Ctrl Pts',(-18.6672368677512,-15.0363897210163,4.55336209806918));
#2047=CARTESIAN_POINT('Ctrl Pts',(-18.7640543045427,-15.5000200215889,4.52703392691547));
#2048=CARTESIAN_POINT('Ctrl Pts',(-19.0330481953695,-15.8179969229437,4.50070575576175));
#2049=CARTESIAN_POINT('Ctrl Pts',(-19.3020420861962,-16.1359738242985,4.47437758460803));
#2050=CARTESIAN_POINT('Ctrl Pts',(-19.7432124310583,-16.3082973264356,4.44804941345432));
#2051=CARTESIAN_POINT('Ctrl Pts',(-20.1565137696671,-16.2568286197331,4.42172124230061));
#2052=CARTESIAN_POINT('Ctrl Pts',(-20.569815108276,-16.2053599130307,4.39539307114689));
#2053=CARTESIAN_POINT('Ctrl Pts',(-20.9552474406317,-15.9300989974886,4.36906489999318));
#2054=CARTESIAN_POINT('Ctrl Pts',(-21.1380392998924,-15.5558608798644,4.34273672883946));
#2055=CARTESIAN_POINT('Ctrl Pts',(-21.2217151464605,-15.3845474995151,4.3306845946865));
#2056=CARTESIAN_POINT('Ctrl Pts',(-21.2629277929547,-15.1924935007169,4.31863246053354));
#2057=CARTESIAN_POINT('Ctrl Pts',(-21.2625405803611,-15.0002819998547,4.30658032638058));
#2058=CARTESIAN_POINT('Ctrl Pts',(-21.26359374582,-14.9989751143429,4.44341967361942));
#2059=CARTESIAN_POINT('Ctrl Pts',(-21.2613571737871,-15.2879004309576,4.46157402665119));
#2060=CARTESIAN_POINT('Ctrl Pts',(-21.1628725593163,-15.578204364559,4.47972837968296));
#2061=CARTESIAN_POINT('Ctrl Pts',(-20.9813083111228,-15.8007178357718,4.49788273271474));
#2062=CARTESIAN_POINT('Ctrl Pts',(-20.717996553691,-16.1234157993867,4.52421090386845));
#2063=CARTESIAN_POINT('Ctrl Pts',(-20.2799520087738,-16.3035371057957,4.55053907502217));
#2064=CARTESIAN_POINT('Ctrl Pts',(-19.8658027640532,-16.2594070662276,4.57686724617588));
#2065=CARTESIAN_POINT('Ctrl Pts',(-19.4516535193327,-16.2152770266596,4.6031954173296));
#2066=CARTESIAN_POINT('Ctrl Pts',(-19.0613995748087,-15.9468956411145,4.62952358848331));
#2067=CARTESIAN_POINT('Ctrl Pts',(-18.8719987228573,-15.5759584834646,4.65585175963703));
#2068=CARTESIAN_POINT('Ctrl Pts',(-18.6825978709059,-15.2050213258147,4.68217993079074));
#2069=CARTESIAN_POINT('Ctrl Pts',(-18.6940501115271,-14.7315283960599,4.70850810194445));
#2070=CARTESIAN_POINT('Ctrl Pts',(-18.901162509732,-14.3701815931601,4.73483627309817));
#2071=CARTESIAN_POINT('Ctrl Pts',(-19.108274907937,-14.0088347902603,4.76116444425189));
#2072=CARTESIAN_POINT('Ctrl Pts',(-19.5110474637257,-13.7596341142155,4.7874926154056));
#2073=CARTESIAN_POINT('Ctrl Pts',(-19.9268459131425,-13.735577785889,4.81382078655932));
#2074=CARTESIAN_POINT('Ctrl Pts',(-20.3426443625593,-13.7115214575625,4.84014895771303));
#2075=CARTESIAN_POINT('Ctrl Pts',(-20.7714687056041,-13.9126094769543,4.86647712886675));
#2076=CARTESIAN_POINT('Ctrl Pts',(-21.0188716859751,-14.2476599549656,4.89280530002046));
#2077=CARTESIAN_POINT('Ctrl Pts',(-21.1774109530955,-14.4623649563063,4.90967675788678));
#2078=CARTESIAN_POINT('Ctrl Pts',(-21.2614509080672,-14.7320806293441,4.9265482157531));
#2079=CARTESIAN_POINT('Ctrl Pts',(-21.263118535433,-15.0008437189512,4.94341967361942));
#2080=CARTESIAN_POINT('Origin',(-20.,-15.,0.));
#2081=CARTESIAN_POINT('',(-21.2664889948307,-15.0002179406547,5.44341967361942));
#2082=CARTESIAN_POINT('',(-21.2648818220895,-14.9989061169563,5.30658032638058));
#2083=CARTESIAN_POINT('',(-21.2645,-15.,0.));
#2084=CARTESIAN_POINT('Ctrl Pts',(-21.2648818220895,-14.9989061169563,5.30658032638058));
#2085=CARTESIAN_POINT('Ctrl Pts',(-21.2656502046033,-14.9140911573912,5.30123718104479));
#2086=CARTESIAN_POINT('Ctrl Pts',(-21.2578396635678,-14.8294168934505,5.29589403570899));
#2087=CARTESIAN_POINT('Ctrl Pts',(-21.240928558702,-14.7466009750083,5.2905508903732));
#2088=CARTESIAN_POINT('Ctrl Pts',(-21.1575996512282,-14.3385282878604,5.26422271921949));
#2089=CARTESIAN_POINT('Ctrl Pts',(-20.8533097011148,-13.975576097264,5.23789454806577));
#2090=CARTESIAN_POINT('Ctrl Pts',(-20.4660367565948,-13.8223224145844,5.21156637691205));
#2091=CARTESIAN_POINT('Ctrl Pts',(-20.0787638120749,-13.6690687319047,5.18523820575834));
#2092=CARTESIAN_POINT('Ctrl Pts',(-19.6085078731484,-13.7255135571419,5.15891003460463));
#2093=CARTESIAN_POINT('Ctrl Pts',(-19.2685030495814,-13.9660623978353,5.13258186345092));
#2094=CARTESIAN_POINT('Ctrl Pts',(-18.9284982260143,-14.2066112385287,5.1062536922972));
#2095=CARTESIAN_POINT('Ctrl Pts',(-18.7187445178068,-14.6312640946784,5.07992552114348));
#2096=CARTESIAN_POINT('Ctrl Pts',(-18.7343532070017,-15.0474652403481,5.05359734998976));
#2097=CARTESIAN_POINT('Ctrl Pts',(-18.7499618961967,-15.4636663860179,5.02726917883605));
#2098=CARTESIAN_POINT('Ctrl Pts',(-18.9909329827941,-15.8714158212078,5.00094100768234));
#2099=CARTESIAN_POINT('Ctrl Pts',(-19.3479998932616,-16.0858225520772,4.97461283652862));
#2100=CARTESIAN_POINT('Ctrl Pts',(-19.7050668037291,-16.3002292829466,4.94828466537491));
#2101=CARTESIAN_POINT('Ctrl Pts',(-20.1782295380667,-16.3212933094954,4.92195649422119));
#2102=CARTESIAN_POINT('Ctrl Pts',(-20.5529359214279,-16.1394633035908,4.89562832306748));
#2103=CARTESIAN_POINT('Ctrl Pts',(-20.927642304789,-15.9576332976861,4.86930015191376));
#2104=CARTESIAN_POINT('Ctrl Pts',(-21.2038923371738,-15.5729092593279,4.84297198076004));
#2105=CARTESIAN_POINT('Ctrl Pts',(-21.2564224655853,-15.1597414839892,4.81664380960633));
#2106=CARTESIAN_POINT('Ctrl Pts',(-21.2631153733839,-15.1070994305746,4.81328931519775));
#2107=CARTESIAN_POINT('Ctrl Pts',(-21.2661765191526,-15.0539956351241,4.80993482078916));
#2108=CARTESIAN_POINT('Ctrl Pts',(-21.2657664562334,-15.0008442707647,4.80658032638058));
#2109=CARTESIAN_POINT('Ctrl Pts',(-21.263118535433,-15.0008437189512,4.94341967361942));
#2110=CARTESIAN_POINT('Ctrl Pts',(-21.2640532663848,-15.1514895908603,4.95287638690681));
#2111=CARTESIAN_POINT('Ctrl Pts',(-21.2391084569616,-15.3018361823913,4.96233310019421));
#2112=CARTESIAN_POINT('Ctrl Pts',(-21.186897658047,-15.4420282854532,4.97178981348161));
#2113=CARTESIAN_POINT('Ctrl Pts',(-21.0415390320507,-15.8323332012988,4.99811798463532));
#2114=CARTESIAN_POINT('Ctrl Pts',(-20.6848401623609,-16.1439300963593,5.02444615578904));
#2115=CARTESIAN_POINT('Ctrl Pts',(-20.2785435377458,-16.2355276417157,5.05077432694275));
#2116=CARTESIAN_POINT('Ctrl Pts',(-19.8722469131307,-16.3271251870722,5.07710249809647));
#2117=CARTESIAN_POINT('Ctrl Pts',(-19.4163525335902,-16.1987233827247,5.10343066925018));
#2118=CARTESIAN_POINT('Ctrl Pts',(-19.1175823650331,-15.9085450860273,5.1297588404039));
#2119=CARTESIAN_POINT('Ctrl Pts',(-18.818812196476,-15.6183667893299,5.15608701155761));
#2120=CARTESIAN_POINT('Ctrl Pts',(-18.6771662389024,-15.1664120002827,5.18241518271132));
#2121=CARTESIAN_POINT('Ctrl Pts',(-18.7568728138742,-14.7576163063276,5.20874335386504));
#2122=CARTESIAN_POINT('Ctrl Pts',(-18.8365793888459,-14.3488206123724,5.23507152501875));
#2123=CARTESIAN_POINT('Ctrl Pts',(-19.137638496363,-13.9831840135094,5.26139969617247));
#2124=CARTESIAN_POINT('Ctrl Pts',(-19.5235370900977,-13.8265017463428,5.28772786732619));
#2125=CARTESIAN_POINT('Ctrl Pts',(-19.9094356838323,-13.6698194791762,5.3140560384799));
#2126=CARTESIAN_POINT('Ctrl Pts',(-20.3801737637846,-13.722091543706,5.34038420963361));
#2127=CARTESIAN_POINT('Ctrl Pts',(-20.7222985968713,-13.9596155552854,5.36671238078733));
#2128=CARTESIAN_POINT('Ctrl Pts',(-21.0545595504014,-14.1902914575917,5.39228147839802));
#2129=CARTESIAN_POINT('Ctrl Pts',(-21.265516504674,-14.5956912129614,5.41785057600872));
#2130=CARTESIAN_POINT('Ctrl Pts',(-21.2664889948307,-15.0002179406547,5.44341967361942));
#2131=CARTESIAN_POINT('Origin',(-20.,-15.,0.));
#2132=CARTESIAN_POINT('',(-21.2636911772862,-14.9989511236464,5.94341967361942));
#2133=CARTESIAN_POINT('',(-21.2625180339404,-15.0002232239636,5.80658032638058));
#2134=CARTESIAN_POINT('',(-21.2645,-15.,0.));
#2135=CARTESIAN_POINT('Ctrl Pts',(-21.2625180339404,-15.0002232239636,5.80658032638058));
#2136=CARTESIAN_POINT('Ctrl Pts',(-21.2621613355957,-14.7762860605589,5.79253954130041));
#2137=CARTESIAN_POINT('Ctrl Pts',(-21.2053660275596,-14.5521798839964,5.77849875622024));
#2138=CARTESIAN_POINT('Ctrl Pts',(-21.0932085198878,-14.3604611929558,5.76445797114007));
#2139=CARTESIAN_POINT('Ctrl Pts',(-20.8828996203999,-14.0009654466523,5.73812979998635));
#2140=CARTESIAN_POINT('Ctrl Pts',(-20.4779328635494,-13.7553466521055,5.71180162883264));
#2141=CARTESIAN_POINT('Ctrl Pts',(-20.061937457888,-13.7349788519627,5.68547345767893));
#2142=CARTESIAN_POINT('Ctrl Pts',(-19.6459420522265,-13.71461105182,5.65914528652521));
#2143=CARTESIAN_POINT('Ctrl Pts',(-19.2189179977542,-13.9194942460812,5.6328171153715));
#2144=CARTESIAN_POINT('Ctrl Pts',(-18.9744962230072,-14.2567256515633,5.60648894421778));
#2145=CARTESIAN_POINT('Ctrl Pts',(-18.7300744482602,-14.5939570570455,5.58016077306407));
#2146=CARTESIAN_POINT('Ctrl Pts',(-18.6682549532385,-15.0635366737484,5.55383260191035));
#2147=CARTESIAN_POINT('Ctrl Pts',(-18.8170693349853,-15.4525370652646,5.52750443075664));
#2148=CARTESIAN_POINT('Ctrl Pts',(-18.9658837167321,-15.8415374567808,5.50117625960292));
#2149=CARTESIAN_POINT('Ctrl Pts',(-19.3253319752473,-16.1499586231102,5.47484808844921));
#2150=CARTESIAN_POINT('Ctrl Pts',(-19.7324249315185,-16.2379492462942,5.44851991729549));
#2151=CARTESIAN_POINT('Ctrl Pts',(-20.1395178877897,-16.3259398694782,5.42219174614177));
#2152=CARTESIAN_POINT('Ctrl Pts',(-20.5942555418169,-16.1934999495166,5.39586357498806));
#2153=CARTESIAN_POINT('Ctrl Pts',(-20.8904404364134,-15.9006833976861,5.36953540383434));
#2154=CARTESIAN_POINT('Ctrl Pts',(-21.1265163728579,-15.6672922189293,5.34855037801642));
#2155=CARTESIAN_POINT('Ctrl Pts',(-21.2618640252907,-15.3320140532681,5.3275653521985));
#2156=CARTESIAN_POINT('Ctrl Pts',(-21.2648818220895,-14.9989061169563,5.30658032638058));
#2157=CARTESIAN_POINT('Ctrl Pts',(-21.2664889948307,-15.0002179406547,5.44341967361942));
#2158=CARTESIAN_POINT('Ctrl Pts',(-21.2665178652883,-15.0122271848256,5.44417874716244));
#2159=CARTESIAN_POINT('Ctrl Pts',(-21.2663616708397,-15.0242356595739,5.44493782070546));
#2160=CARTESIAN_POINT('Ctrl Pts',(-21.2660180912428,-15.03623877057,5.44569689424848));
#2161=CARTESIAN_POINT('Ctrl Pts',(-21.2541011663063,-15.4525620156464,5.47202506540219));
#2162=CARTESIAN_POINT('Ctrl Pts',(-21.0167557302122,-15.8624325471702,5.49835323655591));
#2163=CARTESIAN_POINT('Ctrl Pts',(-20.6616043318384,-16.0799975758953,5.52468140770962));
#2164=CARTESIAN_POINT('Ctrl Pts',(-20.3064529334646,-16.2975626046204,5.55100957886334));
#2165=CARTESIAN_POINT('Ctrl Pts',(-19.8334955728112,-16.3228221305468,5.57733775001705));
#2166=CARTESIAN_POINT('Ctrl Pts',(-19.457191299532,-16.1443224067294,5.60366592117076));
#2167=CARTESIAN_POINT('Ctrl Pts',(-19.0808870262528,-15.965822682912,5.62999409232448));
#2168=CARTESIAN_POINT('Ctrl Pts',(-18.8012358403479,-15.5835637093508,5.6563222634782));
#2169=CARTESIAN_POINT('Ctrl Pts',(-18.7450435229573,-15.1708780166533,5.68265043463191));
#2170=CARTESIAN_POINT('Ctrl Pts',(-18.6888512055668,-14.7581923239557,5.70897860578563));
#2171=CARTESIAN_POINT('Ctrl Pts',(-18.8561177566906,-14.3150799121217,5.73530677693934));
#2172=CARTESIAN_POINT('Ctrl Pts',(-19.170997384346,-14.0424668574479,5.76163494809306));
#2173=CARTESIAN_POINT('Ctrl Pts',(-19.4858770120015,-13.7698538027741,5.78796311924677));
#2174=CARTESIAN_POINT('Ctrl Pts',(-19.9483697161885,-13.6677401052605,5.81429129040049));
#2175=CARTESIAN_POINT('Ctrl Pts',(-20.3487615690498,-13.7824284728195,5.8406194615542));
#2176=CARTESIAN_POINT('Ctrl Pts',(-20.749153421911,-13.8971168403785,5.86694763270792));
#2177=CARTESIAN_POINT('Ctrl Pts',(-21.0874444234465,-14.2286072730101,5.89327580386163));
#2178=CARTESIAN_POINT('Ctrl Pts',(-21.210238997794,-14.6265878629914,5.91960397501535));
#2179=CARTESIAN_POINT('Ctrl Pts',(-21.2472644657589,-14.7465884221633,5.92754254121671));
#2180=CARTESIAN_POINT('Ctrl Pts',(-21.2646977506307,-14.8726340343957,5.93548110741806));
#2181=CARTESIAN_POINT('Ctrl Pts',(-21.2636911772862,-14.9989511236464,5.94341967361942));
#2182=CARTESIAN_POINT('Origin',(-20.,-15.,0.));
#2183=CARTESIAN_POINT('',(-21.2630433092899,-15.000802142348,6.44341967361942));
#2184=CARTESIAN_POINT('',(-21.26567093904,-15.0008859932676,6.30658032638058));
#2185=CARTESIAN_POINT('',(-21.2645,-15.,0.));
#2186=CARTESIAN_POINT('Ctrl Pts',(-21.26567093904,-15.0008859932676,6.30658032638058));
#2187=CARTESIAN_POINT('Ctrl Pts',(-21.2627921854723,-14.6405285949806,6.28384190155603));
#2188=CARTESIAN_POINT('Ctrl Pts',(-21.1009494960619,-14.2779102235796,6.26110347673149));
#2189=CARTESIAN_POINT('Ctrl Pts',(-20.8290025375721,-14.0424669476358,6.23836505190695));
#2190=CARTESIAN_POINT('Ctrl Pts',(-20.5141229395744,-13.7698539186388,6.21203688075323));
#2191=CARTESIAN_POINT('Ctrl Pts',(-20.0516302789485,-13.667740230743,6.18570870959951));
#2192=CARTESIAN_POINT('Ctrl Pts',(-19.6512384637992,-13.7824285874998,6.1593805384458));
#2193=CARTESIAN_POINT('Ctrl Pts',(-19.25084664865,-13.8971169442566,6.13305236729208));
#2194=CARTESIAN_POINT('Ctrl Pts',(-18.9125556789774,-14.2286073456659,6.10672419613837));
#2195=CARTESIAN_POINT('Ctrl Pts',(-18.7897611161957,-14.6265878981622,6.08039602498466));
#2196=CARTESIAN_POINT('Ctrl Pts',(-18.6669665534139,-15.0245684506586,6.05406785383094));
#2197=CARTESIAN_POINT('Ctrl Pts',(-18.759668397523,-15.489039154242,6.02773968267722));
#2198=CARTESIAN_POINT('Ctrl Pts',(-19.0258316765726,-15.8093891717224,6.0014115115235));
#2199=CARTESIAN_POINT('Ctrl Pts',(-19.2919949556222,-16.1297391892027,5.97508334036979));
#2200=CARTESIAN_POINT('Ctrl Pts',(-19.7316196696122,-16.30596852058,5.94875516921608));
#2201=CARTESIAN_POINT('Ctrl Pts',(-20.1453612132779,-16.2581672668391,5.92242699806236));
#2202=CARTESIAN_POINT('Ctrl Pts',(-20.5591027569436,-16.2103660130981,5.89609882690865));
#2203=CARTESIAN_POINT('Ctrl Pts',(-20.9469611302849,-15.9385341742389,5.86977065575493));
#2204=CARTESIAN_POINT('Ctrl Pts',(-21.1330647958929,-15.5659319057792,5.84344248460122));
#2205=CARTESIAN_POINT('Ctrl Pts',(-21.219919578767,-15.3920380223905,5.83115509852767));
#2206=CARTESIAN_POINT('Ctrl Pts',(-21.2628301881575,-15.196195341424,5.81886771245413));
#2207=CARTESIAN_POINT('Ctrl Pts',(-21.2625180339404,-15.0002232239636,5.80658032638058));
#2208=CARTESIAN_POINT('Ctrl Pts',(-21.2636911772862,-14.9989511236464,5.94341967361942));
#2209=CARTESIAN_POINT('Ctrl Pts',(-21.2613594607405,-15.2915633298221,5.96180927857178));
#2210=CARTESIAN_POINT('Ctrl Pts',(-21.1600771889813,-15.5856323151863,5.98019888352413));
#2211=CARTESIAN_POINT('Ctrl Pts',(-20.9741684151822,-15.8093892479569,5.99858848847649));
#2212=CARTESIAN_POINT('Ctrl Pts',(-20.7080051110633,-16.1297392956103,6.0249166596302));
#2213=CARTESIAN_POINT('Ctrl Pts',(-20.268380355666,-16.3059686435862,6.05124483078392));
#2214=CARTESIAN_POINT('Ctrl Pts',(-19.8546387730309,-16.258167385343,6.07757300193764));
#2215=CARTESIAN_POINT('Ctrl Pts',(-19.4408971903958,-16.2103661270998,6.10390117309135));
#2216=CARTESIAN_POINT('Ctrl Pts',(-19.053038780523,-15.9385342626374,6.13022934424506));
#2217=CARTESIAN_POINT('Ctrl Pts',(-18.8669350973862,-15.5659319590831,6.15655751539878));
#2218=CARTESIAN_POINT('Ctrl Pts',(-18.6808314142495,-15.1933296555288,6.18288568655249));
#2219=CARTESIAN_POINT('Ctrl Pts',(-18.6964824578489,-14.7199569128827,6.20921385770621));
#2220=CARTESIAN_POINT('Ctrl Pts',(-18.9067913771453,-14.3604611327191,6.23554202885993));
#2221=CARTESIAN_POINT('Ctrl Pts',(-19.1171002964417,-14.0009653525555,6.26187020001364));
#2222=CARTESIAN_POINT('Ctrl Pts',(-19.5220670914351,-13.7553465348744,6.28819837116736));
#2223=CARTESIAN_POINT('Ctrl Pts',(-19.9380625362782,-13.7349787328132,6.31452654232107));
#2224=CARTESIAN_POINT('Ctrl Pts',(-20.3540579811213,-13.7146109307521,6.34085471347479));
#2225=CARTESIAN_POINT('Ctrl Pts',(-20.7810820758141,-13.9194941443108,6.3671828846285));
#2226=CARTESIAN_POINT('Ctrl Pts',(-21.0255038735827,-14.256725581556,6.39351105578221));
#2227=CARTESIAN_POINT('Ctrl Pts',(-21.1799487585526,-14.4698148845931,6.41014726172795));
#2228=CARTESIAN_POINT('Ctrl Pts',(-21.2614859386188,-14.7357469250962,6.42678346767368));
#2229=CARTESIAN_POINT('Ctrl Pts',(-21.2630433092899,-15.000802142348,6.44341967361942));
#2230=CARTESIAN_POINT('Origin',(-20.,-15.,0.));
#2231=CARTESIAN_POINT('',(-21.2664561829926,-15.0002839439398,6.94341967361942));
#2232=CARTESIAN_POINT('',(-21.2649926796621,-14.9989229591554,6.80658032638058));
#2233=CARTESIAN_POINT('',(-21.2645,-15.,0.));
#2234=CARTESIAN_POINT('Ctrl Pts',(-21.2649926796621,-14.9989229591554,6.80658032638058));
#2235=CARTESIAN_POINT('Ctrl Pts',(-21.2657230314083,-14.9178606110209,6.80147243296537));
#2236=CARTESIAN_POINT('Ctrl Pts',(-21.2585908340195,-14.8369262297368,6.79636453955017));
#2237=CARTESIAN_POINT('Ctrl Pts',(-21.2431270690385,-14.7576163291571,6.79125664613496));
#2238=CARTESIAN_POINT('Ctrl Pts',(-21.1634205015741,-14.3488206737056,6.76492847498124));
#2239=CARTESIAN_POINT('Ctrl Pts',(-20.8623614224131,-13.9831841092809,6.73860030382753));
#2240=CARTESIAN_POINT('Ctrl Pts',(-20.4764628650253,-13.8265018568719,6.71227213267381));
#2241=CARTESIAN_POINT('Ctrl Pts',(-20.0905643076376,-13.6698196044629,6.6859439615201));
#2242=CARTESIAN_POINT('Ctrl Pts',(-19.6198262720231,-13.7220916640694,6.65961579036638));
#2243=CARTESIAN_POINT('Ctrl Pts',(-19.2777014711603,-13.9596156532769,6.63328761921266));
#2244=CARTESIAN_POINT('Ctrl Pts',(-18.9355766702976,-14.1971396424844,6.60695944805895));
#2245=CARTESIAN_POINT('Ctrl Pts',(-18.7220651041866,-14.619915561293,6.58063127690524));
#2246=CARTESIAN_POINT('Ctrl Pts',(-18.7339820280006,-15.0362387671568,6.55430310575152));
#2247=CARTESIAN_POINT('Ctrl Pts',(-18.7458989518147,-15.4525619730206,6.52797493459781));
#2248=CARTESIAN_POINT('Ctrl Pts',(-18.9832443655538,-15.8624324659397,6.50164676344409));
#2249=CARTESIAN_POINT('Ctrl Pts',(-19.3383957304767,-16.0799974741728,6.47531859229038));
#2250=CARTESIAN_POINT('Ctrl Pts',(-19.6935470953996,-16.297562482406,6.44899042113666));
#2251=CARTESIAN_POINT('Ctrl Pts',(-20.1665044115062,-16.3228220059531,6.42266224998295));
#2252=CARTESIAN_POINT('Ctrl Pts',(-20.5428086493421,-16.1443222989482,6.39633407882924));
#2253=CARTESIAN_POINT('Ctrl Pts',(-20.9191128871781,-15.9658225919433,6.37000590767552));
#2254=CARTESIAN_POINT('Ctrl Pts',(-21.1987640467433,-15.5835636543863,6.3436777365218));
#2255=CARTESIAN_POINT('Ctrl Pts',(-21.2549563588412,-15.1708780005586,6.31734956536808));
#2256=CARTESIAN_POINT('Ctrl Pts',(-21.2626179675759,-15.114609876112,6.31375981903892));
#2257=CARTESIAN_POINT('Ctrl Pts',(-21.266125411816,-15.0577761102248,6.31017007270975));
#2258=CARTESIAN_POINT('Ctrl Pts',(-21.26567093904,-15.0008859932676,6.30658032638058));
#2259=CARTESIAN_POINT('Ctrl Pts',(-21.2630433092899,-15.000802142348,6.44341967361942));
#2260=CARTESIAN_POINT('Ctrl Pts',(-21.2639506064471,-15.1552187173879,6.4531116388274));
#2261=CARTESIAN_POINT('Ctrl Pts',(-21.2377125513518,-15.3093376963695,6.46280360403538));
#2262=CARTESIAN_POINT('Ctrl Pts',(-21.1829307764323,-15.452537107888,6.47249556924336));
#2263=CARTESIAN_POINT('Ctrl Pts',(-21.034116380669,-15.8415375360432,6.49882374039708));
#2264=CARTESIAN_POINT('Ctrl Pts',(-20.6746680882981,-16.1499587314222,6.52515191155079));
#2265=CARTESIAN_POINT('Ctrl Pts',(-20.2675750936838,-16.2379493628939,6.5514800827045));
#2266=CARTESIAN_POINT('Ctrl Pts',(-19.8604820990694,-16.3259399943655,6.57780825385822));
#2267=CARTESIAN_POINT('Ctrl Pts',(-19.4057444022116,-16.1935000619297,6.60413642501194));
#2268=CARTESIAN_POINT('Ctrl Pts',(-19.1095594797181,-15.9006834825195,6.63046459616565));
#2269=CARTESIAN_POINT('Ctrl Pts',(-18.8133745572246,-15.6078669031093,6.65679276731937));
#2270=CARTESIAN_POINT('Ctrl Pts',(-18.6757424090954,-15.1546736767246,6.68312093847308));
#2271=CARTESIAN_POINT('Ctrl Pts',(-18.7590713244177,-14.7466009511413,6.70944910962679));
#2272=CARTESIAN_POINT('Ctrl Pts',(-18.84240023974,-14.3385282255579,6.73577728078051));
#2273=CARTESIAN_POINT('Ctrl Pts',(-19.1466902185139,-13.975576000776,6.76210545193423));
#2274=CARTESIAN_POINT('Ctrl Pts',(-19.5339631995102,-13.8223223036616,6.78843362308794));
#2275=CARTESIAN_POINT('Ctrl Pts',(-19.9212361805065,-13.6690686065473,6.81476179424166));
#2276=CARTESIAN_POINT('Ctrl Pts',(-20.3914921637253,-13.7255134371006,6.84108996539537));
#2277=CARTESIAN_POINT('Ctrl Pts',(-20.7314970193166,-13.9660623004509,6.86741813654909));
#2278=CARTESIAN_POINT('Ctrl Pts',(-21.0586610481111,-14.1975264515105,6.8927519822392));
#2279=CARTESIAN_POINT('Ctrl Pts',(-21.2652264540449,-14.5994512597853,6.91808582792931));
#2280=CARTESIAN_POINT('Ctrl Pts',(-21.2664561829926,-15.0002839439398,6.94341967361942));
#2281=CARTESIAN_POINT('Origin',(-20.,-15.,0.));
#2282=CARTESIAN_POINT('',(-21.2637912425446,-14.9989302344827,7.44341967361941));
#2283=CARTESIAN_POINT('',(-21.2625007764281,-15.0001638136667,7.30658032638059));
#2284=CARTESIAN_POINT('',(-21.2645,-15.,0.));
#2285=CARTESIAN_POINT('Ctrl Pts',(-21.2625007764281,-15.0001638136667,7.30658032638059));
#2286=CARTESIAN_POINT('Ctrl Pts',(-21.2622435991919,-14.779971171852,7.292774793221));
#2287=CARTESIAN_POINT('Ctrl Pts',(-21.2074395678784,-14.5596587251789,7.27896926006141));
#2288=CARTESIAN_POINT('Ctrl Pts',(-21.0988373867706,-14.3701816524819,7.26516372690183));
#2289=CARTESIAN_POINT('Ctrl Pts',(-20.8917250080728,-14.008834883617,7.23883555574811));
#2290=CARTESIAN_POINT('Ctrl Pts',(-20.4889524902209,-13.7596342310427,7.2125073845944));
#2291=CARTESIAN_POINT('Ctrl Pts',(-20.0731540799674,-13.7355779049817,7.18617921344068));
#2292=CARTESIAN_POINT('Ctrl Pts',(-19.6573556697139,-13.7115215789208,7.15985104228697));
#2293=CARTESIAN_POINT('Ctrl Pts',(-19.2285313670587,-13.9126095793732,7.13352287113325));
#2294=CARTESIAN_POINT('Ctrl Pts',(-18.98112840999,-14.247660025827,7.10719469997954));
#2295=CARTESIAN_POINT('Ctrl Pts',(-18.7337254529213,-14.5827104722808,7.08086652882582));
#2296=CARTESIAN_POINT('Ctrl Pts',(-18.667743841439,-15.0517233647359,7.05453835767211));
#2297=CARTESIAN_POINT('Ctrl Pts',(-18.8131024537443,-15.4420282438195,7.02821018651839));
#2298=CARTESIAN_POINT('Ctrl Pts',(-18.9584610660496,-15.8323331229031,7.00188201536468));
#2299=CARTESIAN_POINT('Ctrl Pts',(-19.3151599021426,-16.1439299886151,6.97555384421096));
#2300=CARTESIAN_POINT('Ctrl Pts',(-19.7214564884896,-16.2355275253442,6.94922567305725));
#2301=CARTESIAN_POINT('Ctrl Pts',(-20.1277530748365,-16.3271250620734,6.92289750190353));
#2302=CARTESIAN_POINT('Ctrl Pts',(-20.5836474114374,-16.1987232698196,6.89656933074982));
#2303=CARTESIAN_POINT('Ctrl Pts',(-20.882417551854,-15.9085450004534,6.8702411595961));
#2304=CARTESIAN_POINT('Ctrl Pts',(-21.1232236953038,-15.6746638305963,6.8490208818576));
#2305=CARTESIAN_POINT('Ctrl Pts',(-21.2619584998854,-15.3356890977027,6.82780060411909));
#2306=CARTESIAN_POINT('Ctrl Pts',(-21.2649926796621,-14.9989229591554,6.80658032638058));
#2307=CARTESIAN_POINT('Ctrl Pts',(-21.2664561829926,-15.0002839439398,6.94341967361942));
#2308=CARTESIAN_POINT('Ctrl Pts',(-21.2665044484957,-15.0160161840969,6.94441399908303));
#2309=CARTESIAN_POINT('Ctrl Pts',(-21.2662363993569,-15.0317467418632,6.94540832454663));
#2310=CARTESIAN_POINT('Ctrl Pts',(-21.2656469122067,-15.047465244819,6.94640265001024));
#2311=CARTESIAN_POINT('Ctrl Pts',(-21.2500382215416,-15.4636664296896,6.97273082116395));
#2312=CARTESIAN_POINT('Ctrl Pts',(-21.0090671122476,-15.8714159032838,6.99905899231766));
#2313=CARTESIAN_POINT('Ctrl Pts',(-20.6520001681488,-16.085822654348,7.02538716347137));
#2314=CARTESIAN_POINT('Ctrl Pts',(-20.29493322405,-16.3002294054122,7.05171533462509));
#2315=CARTESIAN_POINT('Ctrl Pts',(-19.8217704451465,-16.3212934339464,7.07804350577881));
#2316=CARTESIAN_POINT('Ctrl Pts',(-19.4470640264925,-16.139463410915,7.10437167693252));
#2317=CARTESIAN_POINT('Ctrl Pts',(-19.0723576078385,-15.9576333878836,7.13069984808624));
#2318=CARTESIAN_POINT('Ctrl Pts',(-18.796107549434,-15.5729093132866,7.15702801923995));
#2319=CARTESIAN_POINT('Ctrl Pts',(-18.743577416075,-15.1597414990336,7.18335619039366));
#2320=CARTESIAN_POINT('Ctrl Pts',(-18.691047282716,-14.7465736847806,7.20968436154738));
#2321=CARTESIAN_POINT('Ctrl Pts',(-18.8622370744025,-14.3049621308716,7.23601253270109));
#2322=CARTESIAN_POINT('Ctrl Pts',(-19.1795220344666,-14.035152361938,7.26234070385481));
#2323=CARTESIAN_POINT('Ctrl Pts',(-19.4968069945306,-13.7653425930043,7.28866887500853));
#2324=CARTESIAN_POINT('Ctrl Pts',(-19.9601871229723,-13.667334609046,7.31499704616224));
#2325=CARTESIAN_POINT('Ctrl Pts',(-20.3595460959064,-13.7855694095914,7.34132521731596));
#2326=CARTESIAN_POINT('Ctrl Pts',(-20.7589050688406,-13.9038042101368,7.36765338846967));
#2327=CARTESIAN_POINT('Ctrl Pts',(-21.0942428862673,-14.2382817951858,7.39398155962338));
#2328=CARTESIAN_POINT('Ctrl Pts',(-21.213503072023,-14.6373357598155,7.4203097307771));
#2329=CARTESIAN_POINT('Ctrl Pts',(-21.2483972044979,-14.754094272459,7.42801304505787));
#2330=CARTESIAN_POINT('Ctrl Pts',(-21.264793384501,-14.8763810334041,7.43571635933864));
#2331=CARTESIAN_POINT('Ctrl Pts',(-21.2637912425446,-14.9989302344827,7.44341967361941));
#2332=CARTESIAN_POINT('Origin',(-20.,-15.,0.));
#2333=CARTESIAN_POINT('',(-21.2629722258944,-15.0007584453133,7.94341967361942));
#2334=CARTESIAN_POINT('',(-21.2655721751895,-15.0009245990258,7.80658032638058));
#2335=CARTESIAN_POINT('',(-21.2645,-15.,0.));
#2336=CARTESIAN_POINT('Ctrl Pts',(-21.2655721751895,-15.0009245990258,7.80658032638058));
#2337=CARTESIAN_POINT('Ctrl Pts',(-21.2626364845355,-14.6442228073333,7.78407715347662));
#2338=CARTESIAN_POINT('Ctrl Pts',(-21.1045183238892,-14.2852418279085,7.76157398057266));
#2339=CARTESIAN_POINT('Ctrl Pts',(-20.8374619786084,-14.049856761398,7.7390708076687));
#2340=CARTESIAN_POINT('Ctrl Pts',(-20.525012476654,-13.7744618939913,7.71274263651498));
#2341=CARTESIAN_POINT('Ctrl Pts',(-20.0634436237547,-13.6682505169749,7.68641446536127));
#2342=CARTESIAN_POINT('Ctrl Pts',(-19.6620504230713,-13.7793834173348,7.66008629420755));
#2343=CARTESIAN_POINT('Ctrl Pts',(-19.2606572223878,-13.8905163176947,7.63375812305384));
#2344=CARTESIAN_POINT('Ctrl Pts',(-18.9194396739201,-14.2189934954309,7.60742995190012));
#2345=CARTESIAN_POINT('Ctrl Pts',(-18.7931203804916,-14.6158693727904,7.58110178074641));
#2346=CARTESIAN_POINT('Ctrl Pts',(-18.6668010870631,-15.0127452501499,7.55477360959269));
#2347=CARTESIAN_POINT('Ctrl Pts',(-18.7553800486738,-15.4780198271327,7.52844543843898));
#2348=CARTESIAN_POINT('Ctrl Pts',(-19.0186917813065,-15.8007177603499,7.50211726728526));
#2349=CARTESIAN_POINT('Ctrl Pts',(-19.2820035139393,-16.1234156935671,7.47578909613155));
#2350=CARTESIAN_POINT('Ctrl Pts',(-19.7200480175941,-16.3035369830188,7.44946092497783));
#2351=CARTESIAN_POINT('Ctrl Pts',(-20.134197223306,-16.2594069476091,7.42313275382411));
#2352=CARTESIAN_POINT('Ctrl Pts',(-20.5483464290178,-16.2152769121994,7.3968045826704));
#2353=CARTESIAN_POINT('Ctrl Pts',(-20.9386003367868,-15.9468955519283,7.37047641151669));
#2354=CARTESIAN_POINT('Ctrl Pts',(-21.1280011708994,-15.5759584292151,7.34414824036298));
#2355=CARTESIAN_POINT('Ctrl Pts',(-21.2180871122104,-15.3995272111407,7.33162560236885));
#2356=CARTESIAN_POINT('Ctrl Pts',(-21.2627340551717,-15.1998947991014,7.31910296437472));
#2357=CARTESIAN_POINT('Ctrl Pts',(-21.2625007764281,-15.0001638136667,7.30658032638059));
#2358=CARTESIAN_POINT('Ctrl Pts',(-21.2637912425446,-14.9989302344827,7.44341967361941));
#2359=CARTESIAN_POINT('Ctrl Pts',(-21.2613682918737,-15.2952262503004,7.46204453049236));
#2360=CARTESIAN_POINT('Ctrl Pts',(-21.1572413449373,-15.5930563916753,7.4806693873653));
#2361=CARTESIAN_POINT('Ctrl Pts',(-20.9669518957032,-15.817996999973,7.49929424423825));
#2362=CARTESIAN_POINT('Ctrl Pts',(-20.6979579795427,-16.1359739312904,7.52562241539196));
#2363=CARTESIAN_POINT('Ctrl Pts',(-20.2567875931369,-16.3082974497148,7.55195058654568));
#2364=CARTESIAN_POINT('Ctrl Pts',(-19.8434862155958,-16.2568287381406,7.57827875769939));
#2365=CARTESIAN_POINT('Ctrl Pts',(-19.4301848380547,-16.2053600265665,7.60460692885311));
#2366=CARTESIAN_POINT('Ctrl Pts',(-19.0447524693784,-15.9300990849938,7.63093510000682));
#2367=CARTESIAN_POINT('Ctrl Pts',(-18.8619605929093,-15.555860932165,7.65726327116053));
#2368=CARTESIAN_POINT('Ctrl Pts',(-18.6791687164403,-15.1816227793361,7.68359144231425));
#2369=CARTESIAN_POINT('Ctrl Pts',(-18.6990173321785,-14.708407415251,7.70991961346797));
#2370=CARTESIAN_POINT('Ctrl Pts',(-18.9125062308089,-14.3507909538975,7.73624778462168));
#2371=CARTESIAN_POINT('Ctrl Pts',(-19.1259951294392,-13.993174492544,7.7625759557754));
#2372=CARTESIAN_POINT('Ctrl Pts',(-19.5331243109616,-13.7511569339221,7.78890412692911));
#2373=CARTESIAN_POINT('Ctrl Pts',(-19.9492840310984,-13.7344792213571,7.81523229808282));
#2374=CARTESIAN_POINT('Ctrl Pts',(-20.3654437512352,-13.7178015087922,7.84156046923654));
#2375=CARTESIAN_POINT('Ctrl Pts',(-20.7906340099865,-13.9264636422842,7.86788864039025));
#2376=CARTESIAN_POINT('Ctrl Pts',(-21.0320554002502,-14.2658495893877,7.89421681154397));
#2377=CARTESIAN_POINT('Ctrl Pts',(-21.1824472029806,-14.4772677423132,7.91061776556912));
#2378=CARTESIAN_POINT('Ctrl Pts',(-21.2615259939162,-14.739414339826,7.92701871959427));
#2379=CARTESIAN_POINT('Ctrl Pts',(-21.2629722258944,-15.0007584453133,7.94341967361942));
#2380=CARTESIAN_POINT('Origin',(-20.,-15.,0.));
#2381=CARTESIAN_POINT('',(-21.2664155925074,-15.0003583454948,8.44341967361942));
#2382=CARTESIAN_POINT('',(-21.2651027174101,-14.9989431851688,8.30658032638058));
#2383=CARTESIAN_POINT('',(-21.2645,-15.,0.));
#2384=CARTESIAN_POINT('Ctrl Pts',(-21.2651027174101,-14.9989431851688,8.30658032638058));
#2385=CARTESIAN_POINT('Ctrl Pts',(-21.2657933799766,-14.9216314878305,8.30170768488596));
#2386=CARTESIAN_POINT('Ctrl Pts',(-21.2593080794936,-14.8444353488302,8.29683504339133));
#2387=CARTESIAN_POINT('Ctrl Pts',(-21.2452281390459,-14.7686502511998,8.29196240189671));
#2388=CARTESIAN_POINT('Ctrl Pts',(-21.1691504956668,-14.3591633181846,8.26563423074299));
#2389=CARTESIAN_POINT('Ctrl Pts',(-20.8713453029913,-13.9908721161501,8.23930605958928));
#2390=CARTESIAN_POINT('Ctrl Pts',(-20.4868513239413,-13.8307738555727,8.21297788843556));
#2391=CARTESIAN_POINT('Ctrl Pts',(-20.1023573448914,-13.6706755949953,8.18664971728185));
#2392=CARTESIAN_POINT('Ctrl Pts',(-19.6311745794669,-13.718770275875,8.16032154612814));
#2393=CARTESIAN_POINT('Ctrl Pts',(-19.286956794068,-13.9532506091065,8.13399337497443));
#2394=CARTESIAN_POINT('Ctrl Pts',(-18.942739008669,-14.1877309423381,8.10766520382071));
#2395=CARTESIAN_POINT('Ctrl Pts',(-18.7254862032957,-14.6085969279215,8.08133703266699));
#2396=CARTESIAN_POINT('Ctrl Pts',(-18.7337103818066,-15.0250095108111,8.05500886151328));
#2397=CARTESIAN_POINT('Ctrl Pts',(-18.7419345603175,-15.4414220937007,8.02868069035956));
#2398=CARTESIAN_POINT('Ctrl Pts',(-18.9756357227127,-15.8533812738965,8.00235251920584));
#2399=CARTESIAN_POINT('Ctrl Pts',(-19.3288436295686,-16.074087414719,7.97602434805213));
#2400=CARTESIAN_POINT('Ctrl Pts',(-19.6820515364245,-16.2947935555415,7.94969617689842));
#2401=CARTESIAN_POINT('Ctrl Pts',(-20.1547661877412,-16.3242466569907,7.92336800574471));
#2402=CARTESIAN_POINT('Ctrl Pts',(-20.5326386706536,-16.1490913053751,7.89703983459099));
#2403=CARTESIAN_POINT('Ctrl Pts',(-20.9105111535659,-15.9739359537595,7.87071166343727));
#2404=CARTESIAN_POINT('Ctrl Pts',(-21.1935414680739,-15.594172149079,7.84438349228355));
#2405=CARTESIAN_POINT('Ctrl Pts',(-21.2533915498232,-15.1820010678404,7.81805532112984));
#2406=CARTESIAN_POINT('Ctrl Pts',(-21.2620866641401,-15.1221202027726,7.81423032288009));
#2407=CARTESIAN_POINT('Ctrl Pts',(-21.2660711720049,-15.0615553258451,7.81040532463033));
#2408=CARTESIAN_POINT('Ctrl Pts',(-21.2655721751895,-15.0009245990258,7.80658032638058));
#2409=CARTESIAN_POINT('Ctrl Pts',(-21.2629722258944,-15.0007584453133,7.94341967361942));
#2410=CARTESIAN_POINT('Ctrl Pts',(-21.2638476053902,-15.1589455651885,7.95334689074799));
#2411=CARTESIAN_POINT('Ctrl Pts',(-21.2362809463067,-15.3168386781488,7.96327410787655));
#2412=CARTESIAN_POINT('Ctrl Pts',(-21.178870851628,-15.4630104937673,7.97320132500512));
#2413=CARTESIAN_POINT('Ctrl Pts',(-21.0266123909662,-15.8506756903285,7.99952949615883));
#2414=CARTESIAN_POINT('Ctrl Pts',(-20.6644429478665,-16.155896322736,8.02585766731254));
#2415=CARTESIAN_POINT('Ctrl Pts',(-20.2565856033167,-16.2402734060351,8.05218583846626));
#2416=CARTESIAN_POINT('Ctrl Pts',(-19.8487282587668,-16.3246504893342,8.07851400961997));
#2417=CARTESIAN_POINT('Ctrl Pts',(-19.3951830127669,-16.1881840235249,8.10484218077369));
#2418=CARTESIAN_POINT('Ctrl Pts',(-19.1016066323311,-15.8927516344832,8.13117035192741));
#2419=CARTESIAN_POINT('Ctrl Pts',(-18.8080302518954,-15.5973192454415,8.15749852308112));
#2420=CARTESIAN_POINT('Ctrl Pts',(-18.6744227370238,-15.1429209331674,8.18382669423484));
#2421=CARTESIAN_POINT('Ctrl Pts',(-18.761367439245,-14.7356043607295,8.21015486538855));
#2422=CARTESIAN_POINT('Ctrl Pts',(-18.8483121414661,-14.3282877882916,8.23648303654226));
#2423=CARTESIAN_POINT('Ctrl Pts',(-19.1558090607799,-13.9680529556899,8.26281120769598));
#2424=CARTESIAN_POINT('Ctrl Pts',(-19.5444259666135,-13.8182377633528,8.2891393788497));
#2425=CARTESIAN_POINT('Ctrl Pts',(-19.9330428724472,-13.6684225710157,8.31546755000341));
#2426=CARTESIAN_POINT('Ctrl Pts',(-20.4027797648008,-13.7290270189431,8.34179572115713));
#2427=CARTESIAN_POINT('Ctrl Pts',(-20.740637902796,-13.9725859429323,8.36812389231084));
#2428=CARTESIAN_POINT('Ctrl Pts',(-21.0627174011312,-14.2047701860556,8.39322248608037));
#2429=CARTESIAN_POINT('Ctrl Pts',(-21.2649485023269,-14.6032192745834,8.41832107984989));
#2430=CARTESIAN_POINT('Ctrl Pts',(-21.2664155925074,-15.0003583454948,8.44341967361942));
#2431=CARTESIAN_POINT('Origin',(-20.,-15.,0.));
#2432=CARTESIAN_POINT('',(-21.2637221458353,-14.9983575107296,8.94341967361941));
#2433=CARTESIAN_POINT('',(-21.2624596734993,-15.0001468764821,8.80658032638058));
#2434=CARTESIAN_POINT('',(-21.2645,-15.,0.));
#2435=CARTESIAN_POINT('',(-20.9581161527224,-15.8252112989365,9.));
#2436=CARTESIAN_POINT('Ctrl Pts',(-21.2637221458353,-14.9983575107296,8.94341967361941));
#2437=CARTESIAN_POINT('Ctrl Pts',(-21.2610564241945,-15.2974734965171,8.96227978241294));
#2438=CARTESIAN_POINT('Ctrl Pts',(-21.1536938026934,-15.5981347843635,8.98113989120647));
#2439=CARTESIAN_POINT('Ctrl Pts',(-20.9581161527224,-15.8252112989365,9.));
#2440=CARTESIAN_POINT('',(-19.0400792613939,-15.8264918554853,8.99999999999999));
#2441=CARTESIAN_POINT('Origin',(-20.,-15.,9.));
#2442=CARTESIAN_POINT('Ctrl Pts',(-19.0400752879535,-15.826494675088,8.99999999999999));
#2443=CARTESIAN_POINT('Ctrl Pts',(-19.3029910127935,-16.1302380338251,8.97461283652862));
#2444=CARTESIAN_POINT('Ctrl Pts',(-19.7233200944572,-16.2995503227014,8.94922567305725));
#2445=CARTESIAN_POINT('Ctrl Pts',(-20.1230922015858,-16.2604461520144,8.92383850958588));
#2446=CARTESIAN_POINT('Ctrl Pts',(-20.5376823731436,-16.2198925352295,8.89751033843216));
#2447=CARTESIAN_POINT('Ctrl Pts',(-20.9301633856493,-15.9551856683794,8.87118216727844));
#2448=CARTESIAN_POINT('Ctrl Pts',(-21.1228129508852,-15.5859923380364,8.84485399612472));
#2449=CARTESIAN_POINT('Ctrl Pts',(-21.2161655020763,-15.4070916525971,8.83209610621001));
#2450=CARTESIAN_POINT('Ctrl Pts',(-21.2625956606144,-15.2036565160795,8.8193382162953));
#2451=CARTESIAN_POINT('Ctrl Pts',(-21.2624596734993,-15.0001468764821,8.80658032638058));
#2452=CARTESIAN_POINT('Origin',(-20.,-15.,1.89578827641128));
#2453=CARTESIAN_POINT('',(-21.5453374924784,-15.0004372693543,8.60421172358873));
#2454=CARTESIAN_POINT('',(-21.5405103014704,-15.0001792253159,8.64578827641127));
#2455=CARTESIAN_POINT('',(-21.543,-15.0000000000001,1.89578827641128));
#2456=CARTESIAN_POINT('',(-19.6014861581427,-13.5093505717815,9.));
#2457=CARTESIAN_POINT('Ctrl Pts',(-21.5405103014704,-15.0001792253159,8.64578827641128));
#2458=CARTESIAN_POINT('Ctrl Pts',(-21.540676239089,-15.2485108772722,8.65854616632599));
#2459=CARTESIAN_POINT('Ctrl Pts',(-21.3670999837618,-16.0090404621485,8.69763222739443));
#2460=CARTESIAN_POINT('Ctrl Pts',(-20.1771812569904,-16.8115752292676,8.76304645961656));
#2461=CARTESIAN_POINT('Ctrl Pts',(-18.5785405283283,-16.1394655397025,8.84203097307772));
#2462=CARTESIAN_POINT('Ctrl Pts',(-18.2713624255614,-14.4304008702257,8.92101548653885));
#2463=CARTESIAN_POINT('Ctrl Pts',(-19.1083054561941,-13.6411986995457,8.97367182884628));
#2464=CARTESIAN_POINT('Ctrl Pts',(-19.6014861581427,-13.5093505717815,9.));
#2465=CARTESIAN_POINT('',(-20.3985138418572,-13.5093505717815,9.));
#2466=CARTESIAN_POINT('Origin',(-20.,-15.,9.));
#2467=CARTESIAN_POINT('Ctrl Pts',(-21.5453374924784,-15.0004372693543,8.60421172358873));
#2468=CARTESIAN_POINT('Ctrl Pts',(-21.5454251946566,-15.0241781150305,8.60544130097292));
#2469=CARTESIAN_POINT('Ctrl Pts',(-21.5342132858853,-15.5561808485297,8.63299904951082));
#2470=CARTESIAN_POINT('Ctrl Pts',(-20.9233854401979,-16.5690663006172,8.68688496920245));
#2471=CARTESIAN_POINT('Ctrl Pts',(-19.1906461045197,-16.6310472463738,8.76586948266358));
#2472=CARTESIAN_POINT('Ctrl Pts',(-18.1918975031135,-15.2133013697964,8.84485399612474));
#2473=CARTESIAN_POINT('Ctrl Pts',(-18.8252552388346,-13.622378902813,8.92289750190353));
#2474=CARTESIAN_POINT('Ctrl Pts',(-19.9255706550446,-13.3813741352465,8.97461283652862));
#2475=CARTESIAN_POINT('Ctrl Pts',(-20.3994549866208,-13.5068134753775,9.));
#2476=CARTESIAN_POINT('Origin',(-20.,-15.,1.89578827641128));
#2477=CARTESIAN_POINT('',(-21.5411357410479,-15.0009254892198,8.10421172358873));
#2478=CARTESIAN_POINT('',(-21.5437354630002,-14.9987104268213,8.14578827641128));
#2479=CARTESIAN_POINT('',(-21.543,-15.0000000000001,1.89578827641128));
#2480=CARTESIAN_POINT('Ctrl Pts',(-21.5437354630002,-14.9987104268213,8.14578827641128));
#2481=CARTESIAN_POINT('Ctrl Pts',(-21.5400244900269,-15.4141109903427,8.16724380607037));
#2482=CARTESIAN_POINT('Ctrl Pts',(-21.1536504395759,-16.3453402365609,8.21502750688317));
#2483=CARTESIAN_POINT('Ctrl Pts',(-19.5838574122379,-16.772469647932,8.2891393788497));
#2484=CARTESIAN_POINT('Ctrl Pts',(-18.2882269779608,-15.6202867051784,8.36812389231083));
#2485=CARTESIAN_POINT('Ctrl Pts',(-18.5450206086631,-13.9055127656774,8.44710840577198));
#2486=CARTESIAN_POINT('Ctrl Pts',(-20.1212315377375,-13.1834341653368,8.52609291923314));
#2487=CARTESIAN_POINT('Ctrl Pts',(-21.35079623393,-13.9591107364878,8.59231954277955));
#2488=CARTESIAN_POINT('Ctrl Pts',(-21.5403337973489,-14.7360344192295,8.63221799517227));
#2489=CARTESIAN_POINT('Ctrl Pts',(-21.5405103014704,-15.0001792253159,8.64578827641128));
#2490=CARTESIAN_POINT('Ctrl Pts',(-21.5411357410478,-15.0009254892198,8.10421172358873));
#2491=CARTESIAN_POINT('Ctrl Pts',(-21.5422039186374,-15.1939525560188,8.11413894071729));
#2492=CARTESIAN_POINT('Ctrl Pts',(-21.4193536055917,-15.8976003319867,8.15039432899957));
#2493=CARTESIAN_POINT('Ctrl Pts',(-20.3688477800357,-16.7829208871383,8.21297788843557));
#2494=CARTESIAN_POINT('Ctrl Pts',(-18.7085386114047,-16.2833532554805,8.29196240189671));
#2495=CARTESIAN_POINT('Ctrl Pts',(-18.2194368428478,-14.6199212368828,8.37094691535786));
#2496=CARTESIAN_POINT('Ctrl Pts',(-19.345101721854,-13.3011968081654,8.449931428819));
#2497=CARTESIAN_POINT('Ctrl Pts',(-21.0379149294047,-13.5195999431072,8.52768636489596));
#2498=CARTESIAN_POINT('Ctrl Pts',(-21.5435472827919,-14.5158302417416,8.5791131298192));
#2499=CARTESIAN_POINT('Ctrl Pts',(-21.5453374924784,-15.0004372693543,8.60421172358873));
#2500=CARTESIAN_POINT('Origin',(-20.,-15.,1.89578827641128));
#2501=CARTESIAN_POINT('',(-21.5421351421481,-14.9986946238093,7.60421172358873));
#2502=CARTESIAN_POINT('',(-21.5443083165816,-15.0011282374827,7.64578827641127));
#2503=CARTESIAN_POINT('',(-21.543,-15.0000000000001,1.89578827641128));
#2504=CARTESIAN_POINT('Ctrl Pts',(-21.5443083165816,-15.0011282374827,7.64578827641127));
#2505=CARTESIAN_POINT('Ctrl Pts',(-21.5449172150284,-15.0751125882001,7.64961327466103));
#2506=CARTESIAN_POINT('Ctrl Pts',(-21.5065885663799,-15.6577114854839,7.67976644406449));
#2507=CARTESIAN_POINT('Ctrl Pts',(-20.7656804544613,-16.6518455731695,7.73624778462168));
#2508=CARTESIAN_POINT('Ctrl Pts',(-19.0351971638762,-16.5440255600351,7.81523229808282));
#2509=CARTESIAN_POINT('Ctrl Pts',(-18.1796790296513,-15.0359519774917,7.89421681154398));
#2510=CARTESIAN_POINT('Ctrl Pts',(-18.9749840799268,-13.4952729365539,7.97320132500511));
#2511=CARTESIAN_POINT('Ctrl Pts',(-20.6998595414925,-13.3192110324085,8.05218583846626));
#2512=CARTESIAN_POINT('Ctrl Pts',(-21.4939050043555,-14.3011951118683,8.10971482226831));
#2513=CARTESIAN_POINT('Ctrl Pts',(-21.5445782406515,-14.9043712026275,8.14091563491665));
#2514=CARTESIAN_POINT('Ctrl Pts',(-21.5437354630002,-14.9987104268213,8.14578827641128));
#2515=CARTESIAN_POINT('Ctrl Pts',(-21.5421351421481,-14.9986946238093,7.60421172358873));
#2516=CARTESIAN_POINT('Ctrl Pts',(-21.5391785483283,-15.3602484019087,7.62283658046167));
#2517=CARTESIAN_POINT('Ctrl Pts',(-21.2325050592716,-16.2374143161025,7.66778960848833));
#2518=CARTESIAN_POINT('Ctrl Pts',(-19.7750077896292,-16.8067205645225,7.7390708076687));
#2519=CARTESIAN_POINT('Ctrl Pts',(-18.3640418468827,-15.7990630725969,7.81805532112985));
#2520=CARTESIAN_POINT('Ctrl Pts',(-18.4367023785177,-14.066746805021,7.89703983459099));
#2521=CARTESIAN_POINT('Ctrl Pts',(-19.9270946136044,-13.1807845441582,7.97602434805214));
#2522=CARTESIAN_POINT('Ctrl Pts',(-21.2879728765253,-13.8486355965271,8.04508164438471));
#2523=CARTESIAN_POINT('Ctrl Pts',(-21.5393709834818,-14.6820216104006,8.08781076956358));
#2524=CARTESIAN_POINT('Ctrl Pts',(-21.5411357410478,-15.0009254892198,8.10421172358873));
#2525=CARTESIAN_POINT('Origin',(-20.,-15.,1.89578827641128));
#2526=CARTESIAN_POINT('',(-21.5453870228213,-15.0003464812172,7.10421172358872));
#2527=CARTESIAN_POINT('',(-21.5405604571203,-15.0001998928333,7.14578827641128));
#2528=CARTESIAN_POINT('',(-21.543,-15.0000000000001,1.89578827641128));
#2529=CARTESIAN_POINT('Ctrl Pts',(-21.5405604571203,-15.0001998928333,7.14578827641128));
#2530=CARTESIAN_POINT('Ctrl Pts',(-21.5408451143771,-15.2439206603507,7.15831091440541));
#2531=CARTESIAN_POINT('Ctrl Pts',(-21.3718231821967,-15.9996780262691,7.19716172355325));
#2532=CARTESIAN_POINT('Ctrl Pts',(-20.1929116332835,-16.8104268204207,7.2623407038548));
#2533=CARTESIAN_POINT('Ctrl Pts',(-18.5893465819446,-16.1510504274813,7.34132521731596));
#2534=CARTESIAN_POINT('Ctrl Pts',(-18.2650824354077,-14.4478032808992,7.42030973077709));
#2535=CARTESIAN_POINT('Ctrl Pts',(-19.5141896175801,-13.245335225746,7.49929424423824));
#2536=CARTESIAN_POINT('Ctrl Pts',(-21.1220445584601,-13.6153179189909,7.57445375944964));
#2537=CARTESIAN_POINT('Ctrl Pts',(-21.540726054281,-14.5658646039662,7.62328510350731));
#2538=CARTESIAN_POINT('Ctrl Pts',(-21.5443083165816,-15.0011282374827,7.64578827641127));
#2539=CARTESIAN_POINT('Ctrl Pts',(-21.5453870228214,-15.0003464812172,7.10421172358873));
#2540=CARTESIAN_POINT('Ctrl Pts',(-21.5454459185676,-15.0195436710649,7.10520604905233));
#2541=CARTESIAN_POINT('Ctrl Pts',(-21.5364581200512,-15.5469957807828,7.13252854566965));
#2542=CARTESIAN_POINT('Ctrl Pts',(-20.9372654270916,-16.560895355099,7.18617921344069));
#2543=CARTESIAN_POINT('Ctrl Pts',(-19.2051416599549,-16.6380051914651,7.26516372690183));
#2544=CARTESIAN_POINT('Ctrl Pts',(-18.1938632729604,-15.2296321259771,7.34414824036298));
#2545=CARTESIAN_POINT('Ctrl Pts',(-18.8205438152434,-13.6130090472545,7.42313275382411));
#2546=CARTESIAN_POINT('Ctrl Pts',(-20.5168558868578,-13.2542277441758,7.50211726728527));
#2547=CARTESIAN_POINT('Ctrl Pts',(-21.4549700514457,-14.1899353917045,7.56247692387347));
#2548=CARTESIAN_POINT('Ctrl Pts',(-21.5433580010162,-14.8491545547983,7.59650840930795));
#2549=CARTESIAN_POINT('Ctrl Pts',(-21.5421351421481,-14.9986946238093,7.60421172358873));
#2550=CARTESIAN_POINT('Origin',(-20.,-15.,1.89578827641128));
#2551=CARTESIAN_POINT('',(-21.5412224802169,-15.0009788103148,6.60421172358873));
#2552=CARTESIAN_POINT('',(-21.5436011899712,-14.9986857461264,6.64578827641128));
#2553=CARTESIAN_POINT('',(-21.543,-15.0000000000001,1.89578827641128));
#2554=CARTESIAN_POINT('Ctrl Pts',(-21.5436011899712,-14.9986857461264,6.64578827641128));
#2555=CARTESIAN_POINT('Ctrl Pts',(-21.5398987467956,-15.409622995457,6.66700855414978));
#2556=CARTESIAN_POINT('Ctrl Pts',(-21.1605682066331,-16.3364521996919,6.714557003042));
#2557=CARTESIAN_POINT('Ctrl Pts',(-19.5995872147865,-16.7760995936946,6.78843362308794));
#2558=CARTESIAN_POINT('Ctrl Pts',(-18.2938071339052,-15.6354258954889,6.86741813654908));
#2559=CARTESIAN_POINT('Ctrl Pts',(-18.5353483593316,-13.9184937648644,6.94640265001023));
#2560=CARTESIAN_POINT('Ctrl Pts',(-20.1051606938437,-13.1823637893053,7.02538716347137));
#2561=CARTESIAN_POINT('Ctrl Pts',(-21.3458379534039,-13.949987122609,7.09184903893839));
#2562=CARTESIAN_POINT('Ctrl Pts',(-21.5402466378435,-14.7315108882307,7.13198274325169));
#2563=CARTESIAN_POINT('Ctrl Pts',(-21.5405604571203,-15.0001998928333,7.14578827641128));
#2564=CARTESIAN_POINT('Ctrl Pts',(-21.5412224802169,-15.0009788103148,6.60421172358873));
#2565=CARTESIAN_POINT('Ctrl Pts',(-21.5423296051781,-15.1894048880423,6.61390368879671));
#2566=CARTESIAN_POINT('Ctrl Pts',(-21.4233391192159,-15.8883397800699,6.6499238251584));
#2567=CARTESIAN_POINT('Ctrl Pts',(-20.3846454291149,-16.7795810415613,6.71227213267382));
#2568=CARTESIAN_POINT('Ctrl Pts',(-18.719971013334,-16.2947534834395,6.79125664613495));
#2569=CARTESIAN_POINT('Ctrl Pts',(-18.2161361270628,-14.6357329654997,6.87024115959611));
#2570=CARTESIAN_POINT('Ctrl Pts',(-19.3300612450889,-13.307060882846,6.94922567305724));
#2571=CARTESIAN_POINT('Ctrl Pts',(-21.0298724862477,-13.5110892437891,7.0272158610548));
#2572=CARTESIAN_POINT('Ctrl Pts',(-21.5438864520295,-14.5112323399357,7.07887787789862));
#2573=CARTESIAN_POINT('Ctrl Pts',(-21.5453870228214,-15.0003464812172,7.10421172358873));
#2574=CARTESIAN_POINT('Origin',(-20.,-15.,1.89578827641128));
#2575=CARTESIAN_POINT('',(-21.5420130380013,-14.9987201137101,6.10421172358873));
#2576=CARTESIAN_POINT('',(-21.5444288326918,-15.0010811289932,6.14578827641128));
#2577=CARTESIAN_POINT('',(-21.543,-15.0000000000001,1.89578827641128));
#2578=CARTESIAN_POINT('Ctrl Pts',(-21.5444288326918,-15.0010811289932,6.14578827641128));
#2579=CARTESIAN_POINT('Ctrl Pts',(-21.5449834008953,-15.0705010186452,6.14937802274044));
#2580=CARTESIAN_POINT('Ctrl Pts',(-21.5093132071832,-15.6484920855863,6.17929594022333));
#2581=CARTESIAN_POINT('Ctrl Pts',(-20.7803000756873,-16.6449899565196,6.23554202885992));
#2582=CARTESIAN_POINT('Ctrl Pts',(-19.0489284534986,-16.5525215227513,6.31452654232107));
#2583=CARTESIAN_POINT('Ctrl Pts',(-18.1800696791226,-15.0520940718044,6.39351105578221));
#2584=CARTESIAN_POINT('Ctrl Pts',(-18.961679042134,-13.5044232705669,6.47249556924336));
#2585=CARTESIAN_POINT('Ctrl Pts',(-20.6849264655104,-13.3130690879504,6.5514800827045));
#2586=CARTESIAN_POINT('Ctrl Pts',(-21.4909303972827,-14.2919617004809,6.60924431842714));
#2587=CARTESIAN_POINT('Ctrl Pts',(-21.5444923981518,-14.899769808466,6.64068038299607));
#2588=CARTESIAN_POINT('Ctrl Pts',(-21.5436011899712,-14.9986857461264,6.64578827641128));
#2589=CARTESIAN_POINT('Ctrl Pts',(-21.5420130380013,-14.9987201137101,6.10421172358873));
#2590=CARTESIAN_POINT('Ctrl Pts',(-21.5391677721808,-15.3557787409376,6.12260132854109));
#2591=CARTESIAN_POINT('Ctrl Pts',(-21.2386374314201,-16.228356447219,6.16731910464716));
#2592=CARTESIAN_POINT('Ctrl Pts',(-19.7910398507035,-16.8086449197157,6.23836505190695));
#2593=CARTESIAN_POINT('Ctrl Pts',(-18.3711928129008,-15.813540371992,6.31734956536808));
#2594=CARTESIAN_POINT('Ctrl Pts',(-18.4284871433253,-14.0806479831358,6.39633407882924));
#2595=CARTESIAN_POINT('Ctrl Pts',(-19.9109634533485,-13.1815024655035,6.47531859229037));
#2596=CARTESIAN_POINT('Ctrl Pts',(-21.2823671424835,-13.8394924909106,6.54461114054355));
#2597=CARTESIAN_POINT('Ctrl Pts',(-21.5393221061992,-14.6775464653408,6.587575517643));
#2598=CARTESIAN_POINT('Ctrl Pts',(-21.5412224802169,-15.0009788103148,6.60421172358873));
#2599=CARTESIAN_POINT('Origin',(-20.,-15.,1.89578827641128));
#2600=CARTESIAN_POINT('',(-21.5454270613078,-15.0002659410283,5.60421172358872));
#2601=CARTESIAN_POINT('',(-21.5405815155161,-15.0002723879603,5.64578827641127));
#2602=CARTESIAN_POINT('',(-21.543,-15.0000000000001,1.89578827641128));
#2603=CARTESIAN_POINT('Ctrl Pts',(-21.5405815155161,-15.0002723879603,5.64578827641127));
#2604=CARTESIAN_POINT('Ctrl Pts',(-21.5409624201874,-15.2394064150393,5.65807566248482));
#2605=CARTESIAN_POINT('Ctrl Pts',(-21.3764060964232,-15.9904363368641,5.69669121971207));
#2606=CARTESIAN_POINT('Ctrl Pts',(-20.2089601296151,-16.8086447493635,5.76163494809307));
#2607=CARTESIAN_POINT('Ctrl Pts',(-18.5996103462541,-16.1635157853892,5.84061946155419));
#2608=CARTESIAN_POINT('Ctrl Pts',(-18.2602534175226,-14.4632114066722,5.91960397501535));
#2609=CARTESIAN_POINT('Ctrl Pts',(-19.4986471688981,-13.2497127367445,5.99858848847649));
#2610=CARTESIAN_POINT('Ctrl Pts',(-21.1147628686366,-13.6065346892121,6.07398325560847));
#2611=CARTESIAN_POINT('Ctrl Pts',(-21.540916047595,-14.5613567592369,6.12304985158673));
#2612=CARTESIAN_POINT('Ctrl Pts',(-21.5444288326918,-15.0010811289932,6.14578827641128));
#2613=CARTESIAN_POINT('Ctrl Pts',(-21.5454270613078,-15.0002659410283,5.60421172358872));
#2614=CARTESIAN_POINT('Ctrl Pts',(-21.5454622903439,-15.0149201630573,5.60497079713174));
#2615=CARTESIAN_POINT('Ctrl Pts',(-21.5386609632307,-15.5378168834151,5.63205804182848));
#2616=CARTESIAN_POINT('Ctrl Pts',(-20.9510716360808,-16.5525216689798,5.68547345767893));
#2617=CARTESIAN_POINT('Ctrl Pts',(-19.219699850818,-16.6449901114575,5.76445797114007));
#2618=CARTESIAN_POINT('Ctrl Pts',(-18.1959708357496,-15.2456411287652,5.84344248460121));
#2619=CARTESIAN_POINT('Ctrl Pts',(-18.8082894321531,-13.6235238062032,5.92242699806237));
#2620=CARTESIAN_POINT('Ctrl Pts',(-20.5013528783231,-13.2497125718888,6.0014115115235));
#2621=CARTESIAN_POINT('Ctrl Pts',(-21.4514171357582,-14.1806779546379,6.0620064200323));
#2622=CARTESIAN_POINT('Ctrl Pts',(-21.5432413042493,-14.8445822974082,6.09627315738737));
#2623=CARTESIAN_POINT('Ctrl Pts',(-21.5420130380013,-14.9987201137101,6.10421172358873));
#2624=CARTESIAN_POINT('Origin',(-20.,-15.,1.89578827641128));
#2625=CARTESIAN_POINT('',(-21.5413142745537,-15.0010295439635,5.10421172358873));
#2626=CARTESIAN_POINT('',(-21.5434659165553,-14.9986651945145,5.14578827641127));
#2627=CARTESIAN_POINT('',(-21.543,-15.0000000000001,1.89578827641128));
#2628=CARTESIAN_POINT('Ctrl Pts',(-21.5434659165553,-14.9986651945145,5.14578827641127));
#2629=CARTESIAN_POINT('Ctrl Pts',(-21.5397834646291,-15.4051385402868,5.16677330222919));
#2630=CARTESIAN_POINT('Ctrl Pts',(-21.1674169614046,-16.3275509790012,5.21408649920083));
#2631=CARTESIAN_POINT('Ctrl Pts',(-19.6153546071141,-16.7795808739466,5.28772786732618));
#2632=CARTESIAN_POINT('Ctrl Pts',(-18.2995096180534,-15.6505325711082,5.36671238078732));
#2633=CARTESIAN_POINT('Ctrl Pts',(-18.525814436128,-13.9315258129289,5.44569689424848));
#2634=CARTESIAN_POINT('Ctrl Pts',(-20.0890365382652,-13.1815026367837,5.52468140770961));
#2635=CARTESIAN_POINT('Ctrl Pts',(-21.3408882956907,-13.9407706863428,5.59137853509722));
#2636=CARTESIAN_POINT('Ctrl Pts',(-21.5401462560887,-14.7270141490252,5.6317474913311));
#2637=CARTESIAN_POINT('Ctrl Pts',(-21.5405815155161,-15.0002723879603,5.64578827641127));
#2638=CARTESIAN_POINT('Ctrl Pts',(-21.5413142745537,-15.0010295439635,5.10421172358873));
#2639=CARTESIAN_POINT('Ctrl Pts',(-21.5424548754699,-15.1848544394603,5.11366843687612));
#2640=CARTESIAN_POINT('Ctrl Pts',(-21.4272723279557,-15.8790791628826,5.14945332131723));
#2641=CARTESIAN_POINT('Ctrl Pts',(-20.4004128229273,-16.7760997609811,5.21156637691206));
#2642=CARTESIAN_POINT('Ctrl Pts',(-18.7315040978241,-16.3060547215784,5.2905508903732));
#2643=CARTESIAN_POINT('Ctrl Pts',(-18.2129757169556,-14.6515677951257,5.36953540383435));
#2644=CARTESIAN_POINT('Ctrl Pts',(-19.3150734699779,-13.3130689290623,5.44851991729549));
#2645=CARTESIAN_POINT('Ctrl Pts',(-21.0217599401602,-13.5025841374148,5.52674535721363));
#2646=CARTESIAN_POINT('Ctrl Pts',(-21.5442403849047,-14.5066441610118,5.57864262597803));
#2647=CARTESIAN_POINT('Ctrl Pts',(-21.5454270613078,-15.0002659410283,5.60421172358872));
#2648=CARTESIAN_POINT('Origin',(-20.,-15.,1.89578827641128));
#2649=CARTESIAN_POINT('',(-21.5418941477266,-14.9987493882413,4.60421172358873));
#2650=CARTESIAN_POINT('',(-21.5445453870844,-15.0010302173111,4.64578827641127));
#2651=CARTESIAN_POINT('',(-21.543,-15.0000000000001,1.89578827641128));
#2652=CARTESIAN_POINT('Ctrl Pts',(-21.5445453870844,-15.0010302173111,4.64578827641127));
#2653=CARTESIAN_POINT('Ctrl Pts',(-21.5450457643752,-15.0658879122155,4.64914277081986));
#2654=CARTESIAN_POINT('Ctrl Pts',(-21.5119930652964,-15.6392757557177,4.67882543638215));
#2655=CARTESIAN_POINT('Ctrl Pts',(-20.7948582651797,-16.6380050371818,4.73483627309817));
#2656=CARTESIAN_POINT('Ctrl Pts',(-19.0627346611872,-16.5608952080836,4.81382078655931));
#2657=CARTESIAN_POINT('Ctrl Pts',(-18.1806032575813,-15.0682323883968,4.89280530002046));
#2658=CARTESIAN_POINT('Ctrl Pts',(-18.9484560968798,-13.5136906160623,4.9717898134816));
#2659=CARTESIAN_POINT('Ctrl Pts',(-20.669938691811,-13.3070610422999,5.05077432694275));
#2660=CARTESIAN_POINT('Ctrl Pts',(-21.4879101801715,-14.2827243641911,5.10877381458597));
#2661=CARTESIAN_POINT('Ctrl Pts',(-21.5444035315959,-14.8951701509329,5.14044513107548));
#2662=CARTESIAN_POINT('Ctrl Pts',(-21.5434659165553,-14.9986651945145,5.14578827641127));
#2663=CARTESIAN_POINT('Ctrl Pts',(-21.5418941477266,-14.9987493882413,4.60421172358873));
#2664=CARTESIAN_POINT('Ctrl Pts',(-21.539164981537,-15.3513091063405,4.6223660766205));
#2665=CARTESIAN_POINT('Ctrl Pts',(-21.2447064590691,-16.2192869911519,4.66684860080599));
#2666=CARTESIAN_POINT('Ctrl Pts',(-19.8070883485415,-16.8104269909306,4.73765929614519));
#2667=CARTESIAN_POINT('Ctrl Pts',(-18.3784718920754,-15.8279537337633,4.81664380960633));
#2668=CARTESIAN_POINT('Ctrl Pts',(-18.4203955155119,-14.0946213716954,4.89562832306748));
#2669=CARTESIAN_POINT('Ctrl Pts',(-19.8948392962522,-13.1823636181078,4.97461283652862));
#2670=CARTESIAN_POINT('Ctrl Pts',(-21.2767001674726,-13.8303577681035,5.04414063670237));
#2671=CARTESIAN_POINT('Ctrl Pts',(-21.5392793603383,-14.6730726857082,5.08734026572241));
#2672=CARTESIAN_POINT('Ctrl Pts',(-21.5413142745537,-15.0010295439635,5.10421172358873));
#2673=CARTESIAN_POINT('Origin',(-20.,-15.,1.89578827641128));
#2674=CARTESIAN_POINT('',(-21.54545712535,-15.0001843361688,4.10421172358873));
#2675=CARTESIAN_POINT('',(-21.5406090276767,-15.0003441089567,4.14578827641127));
#2676=CARTESIAN_POINT('',(-21.543,-15.0000000000001,1.89578827641128));
#2677=CARTESIAN_POINT('Ctrl Pts',(-21.5406090276767,-15.0003441089567,4.14578827641127));
#2678=CARTESIAN_POINT('Ctrl Pts',(-21.5410815219684,-15.2348892618474,4.15784041056423));
#2679=CARTESIAN_POINT('Ctrl Pts',(-21.3809333210521,-15.9811917928119,4.19622071587091));
#2680=CARTESIAN_POINT('Ctrl Pts',(-20.2249921892013,-16.8067203942173,4.2609291923313));
#2681=CARTESIAN_POINT('Ctrl Pts',(-18.609984260086,-16.1758896378767,4.33991370579245));
#2682=CARTESIAN_POINT('Ctrl Pts',(-18.2555612352479,-14.4786617522694,4.41889821925359));
#2683=CARTESIAN_POINT('Ctrl Pts',(-19.4831441618207,-13.2542279086272,4.49788273271473));
#2684=CARTESIAN_POINT('Ctrl Pts',(-21.1074132316705,-13.5977716368885,4.5735127517673));
#2685=CARTESIAN_POINT('Ctrl Pts',(-21.5411184902916,-14.5568441386714,4.62281459966614));
#2686=CARTESIAN_POINT('Ctrl Pts',(-21.5445453870844,-15.0010302173111,4.64578827641127));
#2687=CARTESIAN_POINT('Ctrl Pts',(-21.54545712535,-15.0001843361688,4.10421172358873));
#2688=CARTESIAN_POINT('Ctrl Pts',(-21.5454743369508,-15.0102963981929,4.10473554521116));
#2689=CARTESIAN_POINT('Ctrl Pts',(-21.5408221602788,-15.5286417468396,4.13158753798731));
#2690=CARTESIAN_POINT('Ctrl Pts',(-20.9648029273339,-16.5440257062455,4.18476770191717));
#2691=CARTESIAN_POINT('Ctrl Pts',(-19.2343194732327,-16.6518457283295,4.26375221537832));
#2692=CARTESIAN_POINT('Ctrl Pts',(-18.198220264939,-15.26163076857,4.34273672883947));
#2693=CARTESIAN_POINT('Ctrl Pts',(-18.7961287979794,-13.6341468519854,4.42172124230061));
#2694=CARTESIAN_POINT('Ctrl Pts',(-20.4858104282088,-13.2453350605444,4.50070575576175));
#2695=CARTESIAN_POINT('Ctrl Pts',(-21.4478141693111,-14.1714195343752,4.56153591619113));
#2696=CARTESIAN_POINT('Ctrl Pts',(-21.5431229278445,-14.8400128577892,4.59603790546678));
#2697=CARTESIAN_POINT('Ctrl Pts',(-21.5418941477266,-14.9987493882413,4.60421172358873));
#2698=CARTESIAN_POINT('Origin',(-20.,-15.,1.89578827641128));
#2699=CARTESIAN_POINT('',(-21.5414088496404,-15.0010742950899,3.60421172358873));
#2700=CARTESIAN_POINT('',(-21.5433299608613,-14.9986471647492,3.64578827641127));
#2701=CARTESIAN_POINT('',(-21.543,-15.0000000000001,1.89578827641128));
#2702=CARTESIAN_POINT('Ctrl Pts',(-21.5433299608613,-14.9986471647492,3.64578827641127));
#2703=CARTESIAN_POINT('Ctrl Pts',(-21.5396788832392,-15.4006549879704,3.66653805030861));
#2704=CARTESIAN_POINT('Ctrl Pts',(-21.1741995026288,-16.3186358369529,3.71361599535966));
#2705=CARTESIAN_POINT('Ctrl Pts',(-19.6311522559011,-16.7829207141846,3.78702211156443));
#2706=CARTESIAN_POINT('Ctrl Pts',(-18.3053458529805,-15.6655888324335,3.86600662502557));
#2707=CARTESIAN_POINT('Ctrl Pts',(-18.5163964653492,-13.9446415150535,3.94499113848672));
#2708=CARTESIAN_POINT('Ctrl Pts',(-20.0729053793668,-13.1807847163423,4.02397565194786));
#2709=CARTESIAN_POINT('Ctrl Pts',(-21.3358806721947,-13.9315591887859,4.09090803125605));
#2710=CARTESIAN_POINT('Ctrl Pts',(-21.5400493470503,-14.7225198465879,4.13151223941052));
#2711=CARTESIAN_POINT('Ctrl Pts',(-21.5406090276767,-15.0003441089567,4.14578827641127));
#2712=CARTESIAN_POINT('Ctrl Pts',(-21.5414088496404,-15.0010742950899,3.60421172358873));
#2713=CARTESIAN_POINT('Ctrl Pts',(-21.5425795201462,-15.1803009366232,3.61343318495554));
#2714=CARTESIAN_POINT('Ctrl Pts',(-21.4311615080849,-15.8698300923241,3.64898281747606));
#2715=CARTESIAN_POINT('Ctrl Pts',(-20.4161426357688,-16.7724698434674,3.71086062115031));
#2716=CARTESIAN_POINT('Ctrl Pts',(-18.7431400798147,-16.3172578197955,3.78984513461144));
#2717=CARTESIAN_POINT('Ctrl Pts',(-18.2099542615247,-14.6674276759092,3.8688296480726));
#2718=CARTESIAN_POINT('Ctrl Pts',(-19.3001403907462,-13.3192108692741,3.94781416153374));
#2719=CARTESIAN_POINT('Ctrl Pts',(-21.0135767226812,-13.4941051629423,4.02627485337245));
#2720=CARTESIAN_POINT('Ctrl Pts',(-21.5446092524436,-14.5020468561996,4.07840737405745));
#2721=CARTESIAN_POINT('Ctrl Pts',(-21.54545712535,-15.0001843361688,4.10421172358873));
#2722=CARTESIAN_POINT('Origin',(-20.,-15.,1.89578827641128));
#2723=CARTESIAN_POINT('',(-21.5414062036848,-14.9982364935695,3.10421172358873));
#2724=CARTESIAN_POINT('',(-21.5446574722247,-15.0009322053703,3.14578827641127));
#2725=CARTESIAN_POINT('',(-21.543,-15.0000000000001,1.89578827641128));
#2726=CARTESIAN_POINT('',(-20.3985138418572,-13.5093505717815,3.));
#2727=CARTESIAN_POINT('Ctrl Pts',(-20.3985138418572,-13.5093505717815,3.));
#2728=CARTESIAN_POINT('Ctrl Pts',(-20.8916945438058,-13.6411986995457,3.02632817115371));
#2729=CARTESIAN_POINT('Ctrl Pts',(-21.4438232457368,-14.1618347844086,3.06106541234996));
#2730=CARTESIAN_POINT('Ctrl Pts',(-21.5425917266693,-14.8348646911197,3.0958026535462));
#2731=CARTESIAN_POINT('Ctrl Pts',(-21.5414062036848,-14.9982364935695,3.10421172358873));
#2732=CARTESIAN_POINT('',(-19.6005473824547,-13.5068188994849,3.));
#2733=CARTESIAN_POINT('Origin',(-20.,-15.,3.));
#2734=CARTESIAN_POINT('Ctrl Pts',(-19.6005453154047,-13.506813325104,3.));
#2735=CARTESIAN_POINT('Ctrl Pts',(-20.0744297800659,-13.3813738653746,3.02538716347137));
#2736=CARTESIAN_POINT('Ctrl Pts',(-21.1083780294648,-13.6078432458983,3.07398325560847));
#2737=CARTESIAN_POINT('Ctrl Pts',(-21.5413333269065,-14.5523862684852,3.12257934774556));
#2738=CARTESIAN_POINT('Ctrl Pts',(-21.5446574722247,-15.0009322053703,3.14578827641127));
#2739=CARTESIAN_POINT('Origin',(-20.,-15.,1.89578827641128));
#2740=CARTESIAN_POINT('Ctrl Pts',(-21.5446574722247,-15.0009322053703,3.14578827641127));
#2741=CARTESIAN_POINT('Ctrl Pts',(-21.545104231981,-15.0612160540693,3.14890751889927));
#2742=CARTESIAN_POINT('Ctrl Pts',(-21.5146286951021,-15.6298936868398,3.17835493254098));
#2743=CARTESIAN_POINT('Ctrl Pts',(-20.80935369223,-16.6310473402788,3.23413051733641));
#2744=CARTESIAN_POINT('Ctrl Pts',(-19.0766147119816,-16.5690660047554,3.31311503079756));
#2745=CARTESIAN_POINT('Ctrl Pts',(-18.1812798777584,-15.0844064705085,3.3920995442587));
#2746=CARTESIAN_POINT('Ctrl Pts',(-18.9353158928887,-13.5230537492289,3.47108405771985));
#2747=CARTESIAN_POINT('Ctrl Pts',(-20.6548982076325,-13.3011969967565,3.55006857118099));
#2748=CARTESIAN_POINT('Ctrl Pts',(-21.4848431271681,-14.2734833407492,3.6083033107448));
#2749=CARTESIAN_POINT('Ctrl Pts',(-21.5443115215034,-14.8905708382699,3.6402098791549));
#2750=CARTESIAN_POINT('Ctrl Pts',(-21.5433299608613,-14.9986471647492,3.64578827641127));
#2751=CARTESIAN_POINT('Ctrl Pts',(-21.5414062036848,-14.9982364935695,3.10421172358873));
#2752=CARTESIAN_POINT('Ctrl Pts',(-21.5388799426213,-15.3463696203018,3.12213082469991));
#2753=CARTESIAN_POINT('Ctrl Pts',(-21.2512608242822,-16.2110205313587,3.16637809696482));
#2754=CARTESIAN_POINT('Ctrl Pts',(-19.8228186865076,-16.8115762014306,3.23695354038344));
#2755=CARTESIAN_POINT('Ctrl Pts',(-18.3860494050738,-15.8425530195432,3.31593805384458));
#2756=CARTESIAN_POINT('Ctrl Pts',(-18.4123404350799,-14.1085371830803,3.39492256730573));
#2757=CARTESIAN_POINT('Ctrl Pts',(-19.8787684212828,-13.1834338351649,3.47390708076686));
#2758=CARTESIAN_POINT('Ctrl Pts',(-21.2709565128538,-13.8212098619697,3.54367013286121));
#2759=CARTESIAN_POINT('Ctrl Pts',(-21.5392371417298,-14.6685914031889,3.58710501380182));
#2760=CARTESIAN_POINT('Ctrl Pts',(-21.5414088496404,-15.0010742950899,3.60421172358873));
#2761=CARTESIAN_POINT('Ctrl Pts',(-19.0418838472776,-15.8252112989365,3.));
#2762=CARTESIAN_POINT('Ctrl Pts',(-18.7688630551576,-15.5082189949092,3.02632817115371));
#2763=CARTESIAN_POINT('Ctrl Pts',(-18.5666356536183,-14.5874412853763,3.07898451346115));
#2764=CARTESIAN_POINT('Ctrl Pts',(-19.5637673657453,-13.5721804637302,3.15796902692228));
#2765=CARTESIAN_POINT('Ctrl Pts',(-20.956453271076,-13.8553096663139,3.23695354038344));
#2766=CARTESIAN_POINT('Ctrl Pts',(-21.4817535354068,-15.1748017152138,3.31593805384458));
#2767=CARTESIAN_POINT('Ctrl Pts',(-20.6632713829066,-16.3366554515765,3.39492256730573));
#2768=CARTESIAN_POINT('Ctrl Pts',(-19.2432788744658,-16.2858612851673,3.47390708076687));
#2769=CARTESIAN_POINT('Ctrl Pts',(-18.5095453048772,-15.0691717316643,3.55289159422802));
#2770=CARTESIAN_POINT('Ctrl Pts',(-19.1274834391172,-13.7896315397925,3.63187610768915));
#2771=CARTESIAN_POINT('Ctrl Pts',(-20.5366939621201,-13.6078182776401,3.71086062115031));
#2772=CARTESIAN_POINT('Ctrl Pts',(-21.4591846441264,-14.6885226370055,3.78984513461145));
#2773=CARTESIAN_POINT('Ctrl Pts',(-21.0583621316401,-16.0517174660616,3.86882964807259));
#2774=CARTESIAN_POINT('Ctrl Pts',(-19.6977265246837,-16.4611168134067,3.94781416153374));
#2775=CARTESIAN_POINT('Ctrl Pts',(-18.6112182962371,-15.5454550088218,4.02679867499489));
#2776=CARTESIAN_POINT('Ctrl Pts',(-18.7841758460364,-14.1351258559852,4.10578318845602));
#2777=CARTESIAN_POINT('Ctrl Pts',(-20.0597465017558,-13.5091395164063,4.18476770191718));
#2778=CARTESIAN_POINT('Ctrl Pts',(-21.2811339314842,-14.2351921228276,4.26375221537831));
#2779=CARTESIAN_POINT('Ctrl Pts',(-21.3406797729874,-15.6548380819465,4.34273672883947));
#2780=CARTESIAN_POINT('Ctrl Pts',(-20.1843827759203,-16.4806208285727,4.42172124230061));
#2781=CARTESIAN_POINT('Ctrl Pts',(-18.8608717413342,-15.9636503221615,4.50070575576175));
#2782=CARTESIAN_POINT('Ctrl Pts',(-18.5704194309598,-14.5727594204437,4.5796902692229));
#2783=CARTESIAN_POINT('Ctrl Pts',(-19.5764327884784,-13.5693267598569,4.65867478268404));
#2784=CARTESIAN_POINT('Ctrl Pts',(-20.9665730428729,-13.8633506840118,4.73765929614519));
#2785=CARTESIAN_POINT('Ctrl Pts',(-21.4801423695586,-15.1881852209697,4.81664380960633));
#2786=CARTESIAN_POINT('Ctrl Pts',(-20.6513922724043,-16.3423573360443,4.89562832306748));
#2787=CARTESIAN_POINT('Ctrl Pts',(-19.2319040693916,-16.2791652563977,4.97461283652863));
#2788=CARTESIAN_POINT('Ctrl Pts',(-18.5089908095992,-15.055916950828,5.05359734998976));
#2789=CARTESIAN_POINT('Ctrl Pts',(-19.1382519342219,-13.781958382379,5.13258186345092));
#2790=CARTESIAN_POINT('Ctrl Pts',(-20.5490197510014,-13.6126239066676,5.21156637691205));
#2791=CARTESIAN_POINT('Ctrl Pts',(-21.4618896013416,-14.7014804784568,5.29055089037321));
#2792=CARTESIAN_POINT('Ctrl Pts',(-21.048993195844,-16.061060029555,5.36953540383435));
#2793=CARTESIAN_POINT('Ctrl Pts',(-19.6847802337626,-16.4583797894397,5.44851991729549));
#2794=CARTESIAN_POINT('Ctrl Pts',(-18.6064354582168,-15.5331162904513,5.52750443075664));
#2795=CARTESIAN_POINT('Ctrl Pts',(-18.7918939432818,-14.1243774403425,5.60648894421778));
#2796=CARTESIAN_POINT('Ctrl Pts',(-20.0729661066989,-13.5097278575587,5.68547345767893));
#2797=CARTESIAN_POINT('Ctrl Pts',(-21.2878663772504,-14.2465842411991,5.76445797114007));
#2798=CARTESIAN_POINT('Ctrl Pts',(-21.3348195036262,-15.6667023353797,5.84344248460122));
#2799=CARTESIAN_POINT('Ctrl Pts',(-20.1712443836023,-16.4821978519573,5.92242699806237));
#2800=CARTESIAN_POINT('Ctrl Pts',(-18.8523702416321,-15.9535098578255,6.0014115115235));
#2801=CARTESIAN_POINT('Ctrl Pts',(-18.5742647093049,-14.5600977470752,6.08039602498466));
#2802=CARTESIAN_POINT('Ctrl Pts',(-19.5891376183225,-13.5656265428473,6.15938053844579));
#2803=CARTESIAN_POINT('Ctrl Pts',(-20.9766156002003,-13.8719676065345,6.23836505190695));
#2804=CARTESIAN_POINT('Ctrl Pts',(-21.4784152063085,-15.2013047168292,6.31734956536808));
#2805=CARTESIAN_POINT('Ctrl Pts',(-20.6394617276128,-16.3480815295003,6.39633407882924));
#2806=CARTESIAN_POINT('Ctrl Pts',(-19.2205897792929,-16.2723029588588,6.47531859229038));
#2807=CARTESIAN_POINT('Ctrl Pts',(-18.5085535380756,-15.0426914801015,6.55430310575153));
#2808=CARTESIAN_POINT('Ctrl Pts',(-19.1490882364086,-13.7743637236759,6.63328761921266));
#2809=CARTESIAN_POINT('Ctrl Pts',(-20.5613023432521,-13.6175475448563,6.71227213267382));
#2810=CARTESIAN_POINT('Ctrl Pts',(-21.4644795807351,-14.7144572381302,6.79125664613496));
#2811=CARTESIAN_POINT('Ctrl Pts',(-21.0395417480383,-16.0703214775658,6.87024115959611));
#2812=CARTESIAN_POINT('Ctrl Pts',(-19.6718587382356,-16.4555268543271,6.94922567305724));
#2813=CARTESIAN_POINT('Ctrl Pts',(-18.6017622299567,-15.520736257191,7.0282101865184));
#2814=CARTESIAN_POINT('Ctrl Pts',(-18.7997070644036,-14.1136975798256,7.10719469997954));
#2815=CARTESIAN_POINT('Ctrl Pts',(-20.086179972369,-13.5104335784683,7.18617921344069));
#2816=CARTESIAN_POINT('Ctrl Pts',(-21.2944975259247,-14.2580355361914,7.26516372690183));
#2817=CARTESIAN_POINT('Ctrl Pts',(-21.3288542445557,-15.6785141916572,7.34414824036298));
#2818=CARTESIAN_POINT('Ctrl Pts',(-20.1580925212489,-16.4836582724705,7.42313275382411));
#2819=CARTESIAN_POINT('Ctrl Pts',(-18.8439590102845,-15.9432944041154,7.50211726728527));
#2820=CARTESIAN_POINT('Ctrl Pts',(-18.5782221254524,-14.5474706731672,7.58110178074641));
#2821=CARTESIAN_POINT('Ctrl Pts',(-19.6018747708555,-13.5620391399584,7.66008629420755));
#2822=CARTESIAN_POINT('Ctrl Pts',(-20.9865813295533,-13.8806732710078,7.7390708076687));
#2823=CARTESIAN_POINT('Ctrl Pts',(-21.476571782582,-15.2144083443986,7.81805532112984));
#2824=CARTESIAN_POINT('Ctrl Pts',(-20.6274808390579,-16.3536997584399,7.89703983459099));
#2825=CARTESIAN_POINT('Ctrl Pts',(-19.2093368851079,-16.2653404540923,7.97602434805213));
#2826=CARTESIAN_POINT('Ctrl Pts',(-18.5082333979223,-15.029462913505,8.05500886151327));
#2827=CARTESIAN_POINT('Ctrl Pts',(-19.1599918140424,-13.7668649567547,8.13399337497443));
#2828=CARTESIAN_POINT('Ctrl Pts',(-20.5735401103158,-13.6225809141157,8.21297788843556));
#2829=CARTESIAN_POINT('Ctrl Pts',(-21.4669556883423,-14.727454520219,8.29196240189671));
#2830=CARTESIAN_POINT('Ctrl Pts',(-21.0300059705903,-16.0795025122067,8.37094691535786));
#2831=CARTESIAN_POINT('Ctrl Pts',(-19.6589680478126,-16.4525520867206,8.449931428819));
#2832=CARTESIAN_POINT('Ctrl Pts',(-18.5971892505713,-15.508329577899,8.52891594228015));
#2833=CARTESIAN_POINT('Ctrl Pts',(-18.8076335448182,-14.1030595542444,8.60790045574129));
#2834=CARTESIAN_POINT('Ctrl Pts',(-20.0993501487162,-13.5113107596036,8.68688496920244));
#2835=CARTESIAN_POINT('Ctrl Pts',(-21.301098752053,-14.2694394200217,8.76586948266359));
#2836=CARTESIAN_POINT('Ctrl Pts',(-21.322644398155,-15.6904788015293,8.84485399612472));
#2837=CARTESIAN_POINT('Ctrl Pts',(-20.1452013606379,-16.4845994020797,8.92383850958588));
#2838=CARTESIAN_POINT('Ctrl Pts',(-18.8351033688083,-15.9338005022384,9.00282302304701));
#2839=CARTESIAN_POINT('Ctrl Pts',(-18.5833686241882,-14.5332092679199,9.08180753650817));
#2840=CARTESIAN_POINT('Ctrl Pts',(-19.2692496755395,-13.8864522071131,9.13446387881559));
#2841=CARTESIAN_POINT('Ctrl Pts',(-19.6734149364689,-13.7784016837445,9.16079204996931));
#2842=CARTESIAN_POINT('Ctrl Pts',(-18.9715437000434,-15.8857942294107,2.94640265001023));
#2843=CARTESIAN_POINT('Ctrl Pts',(-18.6784790722557,-15.5455299188798,2.97273082116394));
#2844=CARTESIAN_POINT('Ctrl Pts',(-18.4614051355038,-14.5571532658632,3.02538716347137));
#2845=CARTESIAN_POINT('Ctrl Pts',(-19.53174132419,-13.4673570181387,3.10437167693252));
#2846=CARTESIAN_POINT('Ctrl Pts',(-21.0266713377677,-13.7712721658706,3.18335619039366));
#2847=CARTESIAN_POINT('Ctrl Pts',(-21.5905365483528,-15.1876347922369,3.26234070385481));
#2848=CARTESIAN_POINT('Ctrl Pts',(-20.7119654860144,-16.4347860811439,3.34132521731596));
#2849=CARTESIAN_POINT('Ctrl Pts',(-19.1877241536377,-16.3802628583633,3.4203097307771));
#2850=CARTESIAN_POINT('Ctrl Pts',(-18.4001234958376,-15.0742499779457,3.49929424423824));
#2851=CARTESIAN_POINT('Ctrl Pts',(-19.0634275903743,-13.7007722762713,3.57827875769939));
#2852=CARTESIAN_POINT('Ctrl Pts',(-20.5760953772909,-13.5056111840122,3.65726327116053));
#2853=CARTESIAN_POINT('Ctrl Pts',(-21.5663107607441,-14.6656555101848,3.73624778462168));
#2854=CARTESIAN_POINT('Ctrl Pts',(-21.1360618426357,-16.1289293585878,3.81523229808282));
#2855=CARTESIAN_POINT('Ctrl Pts',(-19.6755351017562,-16.5683847803326,3.89421681154397));
#2856=CARTESIAN_POINT('Ctrl Pts',(-18.5092608151516,-15.5854996166924,3.97320132500511));
#2857=CARTESIAN_POINT('Ctrl Pts',(-18.694916052474,-14.0716310756746,4.05218583846626));
#2858=CARTESIAN_POINT('Ctrl Pts',(-20.0641327942928,-13.399687916385,4.1311703519274));
#2859=CARTESIAN_POINT('Ctrl Pts',(-21.3751884457635,-14.179043712707,4.21015486538855));
#2860=CARTESIAN_POINT('Ctrl Pts',(-21.4391058483208,-15.7029130538253,4.28913937884969));
#2861=CARTESIAN_POINT('Ctrl Pts',(-20.197919247014,-16.5893206837876,4.36812389231084));
#2862=CARTESIAN_POINT('Ctrl Pts',(-18.7772425809181,-16.0343967607332,4.44710840577198));
#2863=CARTESIAN_POINT('Ctrl Pts',(-18.4654666990558,-14.5413935310523,4.52609291923313));
#2864=CARTESIAN_POINT('Ctrl Pts',(-19.5453365795925,-13.464293809447,4.60507743269427));
#2865=CARTESIAN_POINT('Ctrl Pts',(-21.0375340531378,-13.7799035153014,4.68406194615542));
#2866=CARTESIAN_POINT('Ctrl Pts',(-21.58880709868,-15.2020008487647,4.76304645961656));
#2867=CARTESIAN_POINT('Ctrl Pts',(-20.6992142699961,-16.4409065697568,4.84203097307771));
#2868=CARTESIAN_POINT('Ctrl Pts',(-19.1755142666568,-16.373075240293,4.92101548653885));
#2869=CARTESIAN_POINT('Ctrl Pts',(-18.3995282922599,-15.0600220966843,5.));
#2870=CARTESIAN_POINT('Ctrl Pts',(-19.0749866551079,-13.6925357936067,5.07898451346114));
#2871=CARTESIAN_POINT('Ctrl Pts',(-20.5893260646046,-13.510769618545,5.15796902692229));
#2872=CARTESIAN_POINT('Ctrl Pts',(-21.5692143025342,-14.679564652241,5.23695354038343));
#2873=CARTESIAN_POINT('Ctrl Pts',(-21.1260050859303,-16.1389578068665,5.31593805384459));
#2874=CARTESIAN_POINT('Ctrl Pts',(-19.6616383582131,-16.5654468176087,5.39492256730571));
#2875=CARTESIAN_POINT('Ctrl Pts',(-18.504126844829,-15.5722550506703,5.47390708076688));
#2876=CARTESIAN_POINT('Ctrl Pts',(-18.7032007742306,-14.060093564538,5.55289159422801));
#2877=CARTESIAN_POINT('Ctrl Pts',(-20.078322917221,-13.4003194506337,5.63187610768916));
#2878=CARTESIAN_POINT('Ctrl Pts',(-21.3824151543861,-14.1912721840419,5.7108606211503));
#2879=CARTESIAN_POINT('Ctrl Pts',(-21.4328153469793,-15.7156483220419,5.78984513461145));
#2880=CARTESIAN_POINT('Ctrl Pts',(-20.1838162989399,-16.591013484426,5.86882964807259));
#2881=CARTESIAN_POINT('Ctrl Pts',(-18.7681169431728,-16.0235118336801,5.94781416153374));
#2882=CARTESIAN_POINT('Ctrl Pts',(-18.4695942787108,-14.5278023002742,6.02679867499488));
#2883=CARTESIAN_POINT('Ctrl Pts',(-19.5589741351811,-13.460321940813,6.10578318845603));
#2884=CARTESIAN_POINT('Ctrl Pts',(-21.0483138853343,-13.7891530496398,6.18476770191717));
#2885=CARTESIAN_POINT('Ctrl Pts',(-21.5869531356499,-15.2160835130957,6.26375221537832));
#2886=CARTESIAN_POINT('Ctrl Pts',(-20.6864078436377,-16.4470510051734,6.34273672883946));
#2887=CARTESIAN_POINT('Ctrl Pts',(-19.1633693373614,-16.365709146823,6.42172124230061));
#2888=CARTESIAN_POINT('Ctrl Pts',(-18.3990589184246,-15.0458256773358,6.50070575576175));
#2889=CARTESIAN_POINT('Ctrl Pts',(-19.0866185049837,-13.6843835726396,6.5796902692229));
#2890=CARTESIAN_POINT('Ctrl Pts',(-20.6025103840049,-13.5160547258877,6.65867478268405));
#2891=CARTESIAN_POINT('Ctrl Pts',(-21.5719944253996,-14.6934941014014,6.73765929614518));
#2892=CARTESIAN_POINT('Ctrl Pts',(-21.115859759592,-16.1488991845652,6.81664380960634));
#2893=CARTESIAN_POINT('Ctrl Pts',(-19.6477682304193,-16.5623844341163,6.89562832306747));
#2894=CARTESIAN_POINT('Ctrl Pts',(-18.4991105312728,-15.5589661366237,6.97461283652863));
#2895=CARTESIAN_POINT('Ctrl Pts',(-18.7115874960462,-14.0486296415052,7.05359734998976));
#2896=CARTESIAN_POINT('Ctrl Pts',(-20.0925068795273,-13.4010769820807,7.13258186345092));
#2897=CARTESIAN_POINT('Ctrl Pts',(-21.3895331291855,-14.2035641764522,7.21156637691205));
#2898=CARTESIAN_POINT('Ctrl Pts',(-21.4264121481036,-15.7283273463631,7.29055089037321));
#2899=CARTESIAN_POINT('Ctrl Pts',(-20.1696988919271,-16.5925811217872,7.36953540383434));
#2900=CARTESIAN_POINT('Ctrl Pts',(-18.7590882008379,-16.012546411904,7.44851991729549));
#2901=CARTESIAN_POINT('Ctrl Pts',(-18.4738422287708,-14.5142482090778,7.52750443075664));
#2902=CARTESIAN_POINT('Ctrl Pts',(-19.5726463864303,-13.4564711685543,7.60648894421778));
#2903=CARTESIAN_POINT('Ctrl Pts',(-21.0590112492266,-13.7984978409236,7.68547345767893));
#2904=CARTESIAN_POINT('Ctrl Pts',(-21.5849743768746,-15.2301491441653,7.76445797114008));
#2905=CARTESIAN_POINT('Ctrl Pts',(-20.6735473775257,-16.4530816966831,7.84344248460122));
#2906=CARTESIAN_POINT('Ctrl Pts',(-19.151290311364,-16.3582354894066,7.92242699806237));
#2907=CARTESIAN_POINT('Ctrl Pts',(-18.3987152751653,-15.0316259348339,8.00141151152351));
#2908=CARTESIAN_POINT('Ctrl Pts',(-19.0983225693372,-13.6763342833544,8.08039602498465));
#2909=CARTESIAN_POINT('Ctrl Pts',(-20.6156465873747,-13.5214576202133,8.1593805384458));
#2910=CARTESIAN_POINT('Ctrl Pts',(-21.5746523165757,-14.7074455796315,8.23836505190694));
#2911=CARTESIAN_POINT('Ctrl Pts',(-21.1056239125461,-16.1587542453422,8.31734956536809));
#2912=CARTESIAN_POINT('Ctrl Pts',(-19.6339311692877,-16.5591912737911,8.39633407882923));
#2913=CARTESIAN_POINT('Ctrl Pts',(-18.4942018263678,-15.5456486203254,8.47531859229038));
#2914=CARTESIAN_POINT('Ctrl Pts',(-18.7200958994332,-14.0372106247221,8.55430310575152));
#2915=CARTESIAN_POINT('Ctrl Pts',(-20.1066439450566,-13.4020185615147,8.63328761921267));
#2916=CARTESIAN_POINT('Ctrl Pts',(-21.3966189846737,-14.2158052770076,8.71227213267382));
#2917=CARTESIAN_POINT('Ctrl Pts',(-21.4197464055061,-15.7411703386917,8.79125664613496));
#2918=CARTESIAN_POINT('Ctrl Pts',(-20.1558613260887,-16.5935913444757,8.87024115959611));
#2919=CARTESIAN_POINT('Ctrl Pts',(-18.7495824219816,-16.0023555147264,8.94922567305725));
#2920=CARTESIAN_POINT('Ctrl Pts',(-18.4793665579793,-14.4989398020218,9.02821018651839));
#2921=CARTESIAN_POINT('Ctrl Pts',(-19.2156016024244,-13.804701037924,9.08086652882582));
#2922=CARTESIAN_POINT('Ctrl Pts',(-19.6494386770268,-13.6887179797568,9.10719469997954));
#2923=CARTESIAN_POINT('Ctrl Pts',(-18.9012035528091,-15.9463771598849,2.89280530002046));
#2924=CARTESIAN_POINT('Ctrl Pts',(-18.5880950893537,-15.5828408428503,2.91913347117417));
#2925=CARTESIAN_POINT('Ctrl Pts',(-18.3561746173893,-14.5268652463502,2.97178981348161));
#2926=CARTESIAN_POINT('Ctrl Pts',(-19.4997152826347,-13.3625335725473,3.05077432694275));
#2927=CARTESIAN_POINT('Ctrl Pts',(-21.0968894044593,-13.6872346654273,3.12975884040389));
#2928=CARTESIAN_POINT('Ctrl Pts',(-21.6993195612988,-15.20046786926,3.20874335386504));
#2929=CARTESIAN_POINT('Ctrl Pts',(-20.7606595891222,-16.5329167107114,3.28772786732618));
#2930=CARTESIAN_POINT('Ctrl Pts',(-19.1321694328096,-16.4746644315593,3.36671238078733));
#2931=CARTESIAN_POINT('Ctrl Pts',(-18.290701686798,-15.0793282242271,3.44569689424848));
#2932=CARTESIAN_POINT('Ctrl Pts',(-18.9993717416315,-13.6119130127501,3.52468140770961));
#2933=CARTESIAN_POINT('Ctrl Pts',(-20.6154967924617,-13.4034040903844,3.60366592117077));
#2934=CARTESIAN_POINT('Ctrl Pts',(-21.6734368773617,-14.6427883833642,3.68265043463191));
#2935=CARTESIAN_POINT('Ctrl Pts',(-21.2137615536313,-16.2061412511141,3.76163494809305));
#2936=CARTESIAN_POINT('Ctrl Pts',(-19.6533436788286,-16.6756527472586,3.8406194615542));
#2937=CARTESIAN_POINT('Ctrl Pts',(-18.407303334066,-15.6255442245629,3.91960397501534));
#2938=CARTESIAN_POINT('Ctrl Pts',(-18.6056562589116,-14.008136295364,3.99858848847649));
#2939=CARTESIAN_POINT('Ctrl Pts',(-20.0685190868298,-13.2902363163636,4.07757300193763));
#2940=CARTESIAN_POINT('Ctrl Pts',(-21.4692429600427,-14.1228953025864,4.15655751539878));
#2941=CARTESIAN_POINT('Ctrl Pts',(-21.5375319236541,-15.7509880257041,4.23554202885992));
#2942=CARTESIAN_POINT('Ctrl Pts',(-20.2114557181076,-16.6980205390024,4.31452654232107));
#2943=CARTESIAN_POINT('Ctrl Pts',(-18.6936134205021,-16.105143199305,4.39351105578221));
#2944=CARTESIAN_POINT('Ctrl Pts',(-18.3605139671518,-14.5100276416608,4.47249556924336));
#2945=CARTESIAN_POINT('Ctrl Pts',(-19.5142403707066,-13.3592608590371,4.5514800827045));
#2946=CARTESIAN_POINT('Ctrl Pts',(-21.1084950634028,-13.6964563465911,4.63046459616565));
#2947=CARTESIAN_POINT('Ctrl Pts',(-21.6974718278015,-15.2158164765596,4.70944910962679));
#2948=CARTESIAN_POINT('Ctrl Pts',(-20.7470362675879,-16.5394558034693,4.78843362308794));
#2949=CARTESIAN_POINT('Ctrl Pts',(-19.119124463922,-16.4669852241883,4.86741813654908));
#2950=CARTESIAN_POINT('Ctrl Pts',(-18.2900657749206,-15.0641272425405,4.94640265001023));
#2951=CARTESIAN_POINT('Ctrl Pts',(-19.0117213759938,-13.6031132048345,5.02538716347137));
#2952=CARTESIAN_POINT('Ctrl Pts',(-20.6296323782078,-13.4089153304225,5.10437167693252));
#2953=CARTESIAN_POINT('Ctrl Pts',(-21.6765390037266,-14.6576488260251,5.18335619039366));
#2954=CARTESIAN_POINT('Ctrl Pts',(-21.2030169760167,-16.216855584178,5.26234070385481));
#2955=CARTESIAN_POINT('Ctrl Pts',(-19.6384964826635,-16.6725138457776,5.34132521731595));
#2956=CARTESIAN_POINT('Ctrl Pts',(-18.4018182314413,-15.6113938108893,5.4203097307771));
#2957=CARTESIAN_POINT('Ctrl Pts',(-18.6145076051792,-13.9958096887334,5.49929424423824));
#2958=CARTESIAN_POINT('Ctrl Pts',(-20.0836797277432,-13.2909110437087,5.57827875769939));
#2959=CARTESIAN_POINT('Ctrl Pts',(-21.4769639315217,-14.1359601268846,5.65726327116053));
#2960=CARTESIAN_POINT('Ctrl Pts',(-21.5308111903324,-15.7645943087042,5.73624778462168));
#2961=CARTESIAN_POINT('Ctrl Pts',(-20.1963882142775,-16.6998291168947,5.81523229808282));
#2962=CARTESIAN_POINT('Ctrl Pts',(-18.6838636447135,-16.0935138095346,5.89421681154397));
#2963=CARTESIAN_POINT('Ctrl Pts',(-18.3649238481167,-14.4955068534732,5.97320132500511));
#2964=CARTESIAN_POINT('Ctrl Pts',(-19.5288106520396,-13.3550173387787,6.05218583846626));
#2965=CARTESIAN_POINT('Ctrl Pts',(-21.1200121704683,-13.7063384927451,6.13117035192741));
#2966=CARTESIAN_POINT('Ctrl Pts',(-21.6954910649914,-15.2308623093622,6.21015486538854));
#2967=CARTESIAN_POINT('Ctrl Pts',(-20.7333539596625,-16.5460204808465,6.2891393788497));
#2968=CARTESIAN_POINT('Ctrl Pts',(-19.10614889543,-16.4591153347871,6.36812389231083));
#2969=CARTESIAN_POINT('Ctrl Pts',(-18.2895642987736,-15.0489598745701,6.44710840577199));
#2970=CARTESIAN_POINT('Ctrl Pts',(-19.0241487735589,-13.5944034216033,6.52609291923312));
#2971=CARTESIAN_POINT('Ctrl Pts',(-20.6437184247576,-13.4145619069191,6.60507743269428));
#2972=CARTESIAN_POINT('Ctrl Pts',(-21.6795092700641,-14.6725309646725,6.68406194615542));
#2973=CARTESIAN_POINT('Ctrl Pts',(-21.1921777711456,-16.2274768915645,6.76304645961657));
#2974=CARTESIAN_POINT('Ctrl Pts',(-19.6236777226029,-16.6692420139054,6.84203097307771));
#2975=CARTESIAN_POINT('Ctrl Pts',(-18.396458832589,-15.5971960160563,6.92101548653886));
#2976=CARTESIAN_POINT('Ctrl Pts',(-18.6234679276889,-13.9835617031848,7.));
#2977=CARTESIAN_POINT('Ctrl Pts',(-20.0988337866855,-13.291720385693,7.07898451346114));
#2978=CARTESIAN_POINT('Ctrl Pts',(-21.4845687324464,-14.149092816713,7.15796902692229));
#2979=CARTESIAN_POINT('Ctrl Pts',(-21.5239700516514,-15.7781405010689,7.23695354038343));
#2980=CARTESIAN_POINT('Ctrl Pts',(-20.1813052626053,-16.701503971104,7.31593805384458));
#2981=CARTESIAN_POINT('Ctrl Pts',(-18.6742173913912,-16.0817984196927,7.39492256730572));
#2982=CARTESIAN_POINT('Ctrl Pts',(-18.3694623320892,-14.4810257449885,7.47390708076687));
#2983=CARTESIAN_POINT('Ctrl Pts',(-19.5434180020052,-13.3509031971502,7.55289159422801));
#2984=CARTESIAN_POINT('Ctrl Pts',(-21.1314411688998,-13.7163224108394,7.63187610768916));
#2985=CARTESIAN_POINT('Ctrl Pts',(-21.6933769711672,-15.245889943932,7.7108606211503));
#2986=CARTESIAN_POINT('Ctrl Pts',(-20.7196139159935,-16.5524636349263,7.78984513461145));
#2987=CARTESIAN_POINT('Ctrl Pts',(-19.0932437376201,-16.4511305247208,7.86882964807259));
#2988=CARTESIAN_POINT('Ctrl Pts',(-18.2891971524083,-15.0337889561628,7.94781416153374));
#2989=CARTESIAN_POINT('Ctrl Pts',(-19.036653324632,-13.5858036099541,8.02679867499488));
#2990=CARTESIAN_POINT('Ctrl Pts',(-20.6577530644336,-13.4203343263109,8.10578318845603));
#2991=CARTESIAN_POINT('Ctrl Pts',(-21.6823489448091,-14.6874366390439,8.18476770191717));
#2992=CARTESIAN_POINT('Ctrl Pts',(-21.181241854502,-16.2380059784777,8.26375221537832));
#2993=CARTESIAN_POINT('Ctrl Pts',(-19.6088942907628,-16.6658304608615,8.34273672883947));
#2994=CARTESIAN_POINT('Ctrl Pts',(-18.3912144021643,-15.5829676627519,8.4217212423006));
#2995=CARTESIAN_POINT('Ctrl Pts',(-18.6325582540481,-13.9713616951997,8.50070575576176));
#2996=CARTESIAN_POINT('Ctrl Pts',(-20.1139377413971,-13.2927263634258,8.5796902692229));
#2997=CARTESIAN_POINT('Ctrl Pts',(-21.4921392172944,-14.1621711339935,8.65867478268404));
#2998=CARTESIAN_POINT('Ctrl Pts',(-21.5168484128571,-15.7918618758542,8.73765929614519));
#2999=CARTESIAN_POINT('Ctrl Pts',(-20.1665212915395,-16.7025832868716,8.81664380960634));
#3000=CARTESIAN_POINT('Ctrl Pts',(-18.664061475155,-16.0709105272145,8.89562832306748));
#3001=CARTESIAN_POINT('Ctrl Pts',(-18.3753644917703,-14.4646703361237,8.97461283652863));
#3002=CARTESIAN_POINT('Ctrl Pts',(-19.1619535293093,-13.7229498687348,9.02726917883605));
#3003=CARTESIAN_POINT('Ctrl Pts',(-19.6254624175848,-13.5990342757692,9.05359734998977));
#3004=CARTESIAN_POINT('Ctrl Pts',(-18.8308634055748,-16.0069600903591,2.83920795003069));
#3005=CARTESIAN_POINT('Ctrl Pts',(-18.4977111064518,-15.6201517668209,2.8655361211844));
#3006=CARTESIAN_POINT('Ctrl Pts',(-18.2509440992748,-14.4965772268372,2.91819246349184));
#3007=CARTESIAN_POINT('Ctrl Pts',(-19.4676892410794,-13.2577101269558,2.99717697695298));
#3008=CARTESIAN_POINT('Ctrl Pts',(-21.1671074711509,-13.603197164984,3.07616149041412));
#3009=CARTESIAN_POINT('Ctrl Pts',(-21.8081025742449,-15.2133009462831,3.15514600387527));
#3010=CARTESIAN_POINT('Ctrl Pts',(-20.80935369223,-16.6310473402788,3.23413051733641));
#3011=CARTESIAN_POINT('Ctrl Pts',(-19.0766147119816,-16.5690660047554,3.31311503079756));
#3012=CARTESIAN_POINT('Ctrl Pts',(-18.1812798777584,-15.0844064705085,3.3920995442587));
#3013=CARTESIAN_POINT('Ctrl Pts',(-18.9353158928887,-13.5230537492289,3.47108405771985));
#3014=CARTESIAN_POINT('Ctrl Pts',(-20.6548982076325,-13.3011969967565,3.55006857118099));
#3015=CARTESIAN_POINT('Ctrl Pts',(-21.7805629939795,-14.6199212565436,3.62905308464214));
#3016=CARTESIAN_POINT('Ctrl Pts',(-21.2914612646269,-16.2833531436402,3.70803759810328));
#3017=CARTESIAN_POINT('Ctrl Pts',(-19.6311522559011,-16.7829207141846,3.78702211156443));
#3018=CARTESIAN_POINT('Ctrl Pts',(-18.3053458529805,-15.6655888324335,3.86600662502557));
#3019=CARTESIAN_POINT('Ctrl Pts',(-18.5163964653492,-13.9446415150535,3.94499113848672));
#3020=CARTESIAN_POINT('Ctrl Pts',(-20.0729053793668,-13.1807847163423,4.02397565194786));
#3021=CARTESIAN_POINT('Ctrl Pts',(-21.563297474322,-14.0667468924658,4.10296016540901));
#3022=CARTESIAN_POINT('Ctrl Pts',(-21.6359579989874,-15.7990629975828,4.18194467887015));
#3023=CARTESIAN_POINT('Ctrl Pts',(-20.2249921892013,-16.8067203942173,4.2609291923313));
#3024=CARTESIAN_POINT('Ctrl Pts',(-18.609984260086,-16.1758896378767,4.33991370579245));
#3025=CARTESIAN_POINT('Ctrl Pts',(-18.2555612352479,-14.4786617522694,4.41889821925359));
#3026=CARTESIAN_POINT('Ctrl Pts',(-19.4831441618207,-13.2542279086272,4.49788273271473));
#3027=CARTESIAN_POINT('Ctrl Pts',(-21.1794560736677,-13.6130091778807,4.57686724617588));
#3028=CARTESIAN_POINT('Ctrl Pts',(-21.8061365569229,-15.2296321043545,4.65585175963702));
#3029=CARTESIAN_POINT('Ctrl Pts',(-20.7948582651797,-16.6380050371818,4.73483627309817));
#3030=CARTESIAN_POINT('Ctrl Pts',(-19.0627346611872,-16.5608952080836,4.81382078655931));
#3031=CARTESIAN_POINT('Ctrl Pts',(-18.1806032575813,-15.0682323883968,4.89280530002046));
#3032=CARTESIAN_POINT('Ctrl Pts',(-18.9484560968798,-13.5136906160623,4.9717898134816));
#3033=CARTESIAN_POINT('Ctrl Pts',(-20.669938691811,-13.3070610422999,5.05077432694275));
#3034=CARTESIAN_POINT('Ctrl Pts',(-21.7838637049191,-14.6357329998093,5.12975884040389));
#3035=CARTESIAN_POINT('Ctrl Pts',(-21.280028866103,-16.2947533614895,5.20874335386504));
#3036=CARTESIAN_POINT('Ctrl Pts',(-19.6153546071141,-16.7795808739466,5.28772786732618));
#3037=CARTESIAN_POINT('Ctrl Pts',(-18.2995096180534,-15.6505325711082,5.36671238078732));
#3038=CARTESIAN_POINT('Ctrl Pts',(-18.525814436128,-13.9315258129289,5.44569689424848));
#3039=CARTESIAN_POINT('Ctrl Pts',(-20.0890365382652,-13.1815026367837,5.52468140770961));
#3040=CARTESIAN_POINT('Ctrl Pts',(-21.5715127086575,-14.0806480697274,5.60366592117077));
#3041=CARTESIAN_POINT('Ctrl Pts',(-21.6288070336855,-15.8135402953664,5.6826504346319));
#3042=CARTESIAN_POINT('Ctrl Pts',(-20.2089601296151,-16.8086447493635,5.76163494809307));
#3043=CARTESIAN_POINT('Ctrl Pts',(-18.5996103462541,-16.1635157853892,5.84061946155419));
#3044=CARTESIAN_POINT('Ctrl Pts',(-18.2602534175226,-14.4632114066722,5.91960397501535));
#3045=CARTESIAN_POINT('Ctrl Pts',(-19.4986471688981,-13.2497127367445,5.99858848847649));
#3046=CARTESIAN_POINT('Ctrl Pts',(-21.1917104556023,-13.6235239358504,6.07757300193763));
#3047=CARTESIAN_POINT('Ctrl Pts',(-21.8040289943329,-15.2456411056287,6.15655751539878));
#3048=CARTESIAN_POINT('Ctrl Pts',(-20.7803000756873,-16.6449899565196,6.23554202885992));
#3049=CARTESIAN_POINT('Ctrl Pts',(-19.0489284534986,-16.5525215227513,6.31452654232107));
#3050=CARTESIAN_POINT('Ctrl Pts',(-18.1800696791226,-15.0520940718044,6.39351105578221));
#3051=CARTESIAN_POINT('Ctrl Pts',(-18.961679042134,-13.5044232705669,6.47249556924336));
#3052=CARTESIAN_POINT('Ctrl Pts',(-20.6849264655104,-13.3130690879504,6.5514800827045));
#3053=CARTESIAN_POINT('Ctrl Pts',(-21.7870241147285,-14.6515678279437,6.63046459616565));
#3054=CARTESIAN_POINT('Ctrl Pts',(-21.2684957826992,-16.3060545985639,6.70944910962679));
#3055=CARTESIAN_POINT('Ctrl Pts',(-19.5995872147865,-16.7760995936946,6.78843362308794));
#3056=CARTESIAN_POINT('Ctrl Pts',(-18.2938071339052,-15.6354258954889,6.86741813654908));
#3057=CARTESIAN_POINT('Ctrl Pts',(-18.5353483593316,-13.9184937648644,6.94640265001023));
#3058=CARTESIAN_POINT('Ctrl Pts',(-20.1051606938437,-13.1823637893053,7.02538716347137));
#3059=CARTESIAN_POINT('Ctrl Pts',(-21.5796043357072,-14.0946214569738,7.10437167693252));
#3060=CARTESIAN_POINT('Ctrl Pts',(-21.6215279551993,-15.8279536557747,7.18335619039367));
#3061=CARTESIAN_POINT('Ctrl Pts',(-20.1929116332835,-16.8104268204207,7.2623407038548));
#3062=CARTESIAN_POINT('Ctrl Pts',(-18.5893465819446,-16.1510504274813,7.34132521731596));
#3063=CARTESIAN_POINT('Ctrl Pts',(-18.2650824354077,-14.4478032808992,7.42030973077709));
#3064=CARTESIAN_POINT('Ctrl Pts',(-19.5141896175801,-13.245335225746,7.49929424423824));
#3065=CARTESIAN_POINT('Ctrl Pts',(-21.2038710885731,-13.6341469807553,7.57827875769939));
#3066=CARTESIAN_POINT('Ctrl Pts',(-21.8017795654598,-15.2616307436987,7.65726327116053));
#3067=CARTESIAN_POINT('Ctrl Pts',(-20.7656804544613,-16.6518455731695,7.73624778462168));
#3068=CARTESIAN_POINT('Ctrl Pts',(-19.0351971638762,-16.5440255600351,7.81523229808282));
#3069=CARTESIAN_POINT('Ctrl Pts',(-18.1796790296513,-15.0359519774917,7.89421681154398));
#3070=CARTESIAN_POINT('Ctrl Pts',(-18.9749840799268,-13.4952729365539,7.97320132500511));
#3071=CARTESIAN_POINT('Ctrl Pts',(-20.6998595414925,-13.3192110324085,8.05218583846626));
#3072=CARTESIAN_POINT('Ctrl Pts',(-21.7900455730425,-14.6674276984563,8.13117035192741));
#3073=CARTESIAN_POINT('Ctrl Pts',(-21.2568597964578,-16.3172577116132,8.21015486538854));
#3074=CARTESIAN_POINT('Ctrl Pts',(-19.5838574122379,-16.772469647932,8.2891393788497));
#3075=CARTESIAN_POINT('Ctrl Pts',(-18.2882269779608,-15.6202867051784,8.36812389231083));
#3076=CARTESIAN_POINT('Ctrl Pts',(-18.5450206086631,-13.9055127656774,8.44710840577198));
#3077=CARTESIAN_POINT('Ctrl Pts',(-20.1212315377375,-13.1834341653368,8.52609291923314));
#3078=CARTESIAN_POINT('Ctrl Pts',(-21.5876594499152,-14.1085369909794,8.60507743269426));
#3079=CARTESIAN_POINT('Ctrl Pts',(-21.6139504202082,-15.8425534130167,8.68406194615543));
#3080=CARTESIAN_POINT('Ctrl Pts',(-20.1771812569904,-16.8115752292676,8.76304645961656));
#3081=CARTESIAN_POINT('Ctrl Pts',(-18.5785405283283,-16.1394655397025,8.84203097307772));
#3082=CARTESIAN_POINT('Ctrl Pts',(-18.2713624255614,-14.4304008702257,8.92101548653885));
#3083=CARTESIAN_POINT('Ctrl Pts',(-19.1083054561941,-13.6411986995457,8.97367182884628));
#3084=CARTESIAN_POINT('Ctrl Pts',(-19.6014861581427,-13.5093505717815,9.));
#3085=CARTESIAN_POINT('Ctrl Pts',(-19.6014861581427,-13.5093505717815,9.));
#3086=CARTESIAN_POINT('Ctrl Pts',(-19.5437135163353,-13.5304604573123,9.));
#3087=CARTESIAN_POINT('Ctrl Pts',(-19.4875234469315,-13.5552257042108,9.));
#3088=CARTESIAN_POINT('Ctrl Pts',(-19.433116711914,-13.5833407975977,9.));
#3089=CARTESIAN_POINT('Ctrl Pts',(-19.3793335970789,-13.6111336305209,9.));
#3090=CARTESIAN_POINT('Ctrl Pts',(-19.3272925067281,-13.642201038125,9.));
#3091=CARTESIAN_POINT('Ctrl Pts',(-19.2772194673002,-13.6762927078925,9.));
#3092=CARTESIAN_POINT('Ctrl Pts',(-19.2391566614033,-13.7022073442695,9.));
#3093=CARTESIAN_POINT('Ctrl Pts',(-19.2022316105845,-13.7298704683665,9.));
#3094=CARTESIAN_POINT('Ctrl Pts',(-19.1665597377566,-13.7591841849564,9.));
#3095=CARTESIAN_POINT('Ctrl Pts',(-19.14761645391,-13.7747510170272,9.));
#3096=CARTESIAN_POINT('Ctrl Pts',(-19.1290268298139,-13.7907834746291,9.));
#3097=CARTESIAN_POINT('Ctrl Pts',(-19.1108100410874,-13.8072677020934,9.));
#3098=CARTESIAN_POINT('Ctrl Pts',(-19.1029478421128,-13.8143821435141,9.));
#3099=CARTESIAN_POINT('Ctrl Pts',(-19.0951549095509,-13.8215810624896,9.));
#3100=CARTESIAN_POINT('Ctrl Pts',(-19.0874436817191,-13.8288527730789,9.));
#3101=CARTESIAN_POINT('Ctrl Pts',(-19.0443644342924,-13.8694766304624,9.));
#3102=CARTESIAN_POINT('Ctrl Pts',(-19.0037452994153,-13.9124467948238,9.));
#3103=CARTESIAN_POINT('Ctrl Pts',(-18.9657930371099,-13.9575227603788,9.));
#3104=CARTESIAN_POINT('Ctrl Pts',(-18.9286153419581,-14.001678771227,9.));
#3105=CARTESIAN_POINT('Ctrl Pts',(-18.8939963305052,-14.0478564466229,9.));
#3106=CARTESIAN_POINT('Ctrl Pts',(-18.8621733257276,-14.0958528067916,9.));
#3107=CARTESIAN_POINT('Ctrl Pts',(-18.8386721603422,-14.1312979322944,9.));
#3108=CARTESIAN_POINT('Ctrl Pts',(-18.8166967107112,-14.1677354517907,9.));
#3109=CARTESIAN_POINT('Ctrl Pts',(-18.7963602279823,-14.2050876173348,9.));
#3110=CARTESIAN_POINT('Ctrl Pts',(-18.7859730032287,-14.2241659084882,9.));
#3111=CARTESIAN_POINT('Ctrl Pts',(-18.7760136146366,-14.2434828496846,9.));
#3112=CARTESIAN_POINT('Ctrl Pts',(-18.7664988442196,-14.2630281674493,9.));
#3113=CARTESIAN_POINT('Ctrl Pts',(-18.7615202421613,-14.2732552517601,9.));
#3114=CARTESIAN_POINT('Ctrl Pts',(-18.7566669182371,-14.2835377652535,9.));
#3115=CARTESIAN_POINT('Ctrl Pts',(-18.7519439399474,-14.2938668546557,9.));
#3116=CARTESIAN_POINT('Ctrl Pts',(-18.7287753282906,-14.3445362938195,9.));
#3117=CARTESIAN_POINT('Ctrl Pts',(-18.7087131658909,-14.3963793516249,9.));
#3118=CARTESIAN_POINT('Ctrl Pts',(-18.6919705484146,-14.4492060670975,9.));
#3119=CARTESIAN_POINT('Ctrl Pts',(-18.6803375544315,-14.4859107737604,9.));
#3120=CARTESIAN_POINT('Ctrl Pts',(-18.6703080593119,-14.5230907382476,9.));
#3121=CARTESIAN_POINT('Ctrl Pts',(-18.6619683044242,-14.560684363148,9.));
#3122=CARTESIAN_POINT('Ctrl Pts',(-18.650011821368,-14.6145813355644,9.));
#3123=CARTESIAN_POINT('Ctrl Pts',(-18.6415269225879,-14.6693295551303,9.));
#3124=CARTESIAN_POINT('Ctrl Pts',(-18.6364569576939,-14.7246127998914,9.));
#3125=CARTESIAN_POINT('Ctrl Pts',(-18.6349735924105,-14.7407875166297,9.));
#3126=CARTESIAN_POINT('Ctrl Pts',(-18.6337828428616,-14.7570079440643,9.));
#3127=CARTESIAN_POINT('Ctrl Pts',(-18.6328839862955,-14.7732658824764,9.));
#3128=CARTESIAN_POINT('Ctrl Pts',(-18.6321931568134,-14.7857611610298,9.));
#3129=CARTESIAN_POINT('Ctrl Pts',(-18.6316748080311,-14.7982817074906,9.));
#3130=CARTESIAN_POINT('Ctrl Pts',(-18.6313289898438,-14.810798957454,9.));
#3131=CARTESIAN_POINT('Ctrl Pts',(-18.6297914265534,-14.8664526643618,9.));
#3132=CARTESIAN_POINT('Ctrl Pts',(-18.6316530044387,-14.922140011681,9.));
#3133=CARTESIAN_POINT('Ctrl Pts',(-18.6368058556618,-14.9775431145197,9.));
#3134=CARTESIAN_POINT('Ctrl Pts',(-18.6419546640419,-15.0329027489884,9.));
#3135=CARTESIAN_POINT('Ctrl Pts',(-18.6503900461898,-15.0879797289155,9.));
#3136=CARTESIAN_POINT('Ctrl Pts',(-18.6620536691614,-15.1424416677379,9.));
#3137=CARTESIAN_POINT('Ctrl Pts',(-18.6692847624673,-15.1762064218116,9.));
#3138=CARTESIAN_POINT('Ctrl Pts',(-18.6777576140992,-15.2097344083252,9.));
#3139=CARTESIAN_POINT('Ctrl Pts',(-18.6874666874035,-15.2429405810227,9.));
#3140=CARTESIAN_POINT('Ctrl Pts',(-18.6924816807596,-15.2600924481724,9.));
#3141=CARTESIAN_POINT('Ctrl Pts',(-18.6978265964103,-15.2771583685861,9.));
#3142=CARTESIAN_POINT('Ctrl Pts',(-18.7035012756867,-15.2941259894049,9.));
#3143=CARTESIAN_POINT('Ctrl Pts',(-18.7076430696248,-15.3065101939792,9.));
#3144=CARTESIAN_POINT('Ctrl Pts',(-18.7119612060316,-15.3188433935052,9.));
#3145=CARTESIAN_POINT('Ctrl Pts',(-18.7164481787635,-15.3311012607996,9.));
#3146=CARTESIAN_POINT('Ctrl Pts',(-18.7348833576788,-15.3814639418758,9.));
#3147=CARTESIAN_POINT('Ctrl Pts',(-18.7561900628303,-15.4306341259341,9.));
#3148=CARTESIAN_POINT('Ctrl Pts',(-18.7803239737367,-15.4782977087714,9.));
#3149=CARTESIAN_POINT('Ctrl Pts',(-18.7964159709581,-15.5100788090479,9.));
#3150=CARTESIAN_POINT('Ctrl Pts',(-18.8137657794839,-15.5411895494099,9.));
#3151=CARTESIAN_POINT('Ctrl Pts',(-18.8323691897534,-15.5715274556119,9.));
#3152=CARTESIAN_POINT('Ctrl Pts',(-18.8410145546847,-15.5856260679934,9.));
#3153=CARTESIAN_POINT('Ctrl Pts',(-18.8499333404155,-15.5995611815478,9.));
#3154=CARTESIAN_POINT('Ctrl Pts',(-18.8591093940552,-15.6132986452709,9.));
#3155=CARTESIAN_POINT('Ctrl Pts',(-18.8875695305028,-15.6559062963765,9.));
#3156=CARTESIAN_POINT('Ctrl Pts',(-18.9185265262338,-15.6966584341379,9.));
#3157=CARTESIAN_POINT('Ctrl Pts',(-18.9519566120079,-15.7352537180872,9.));
#3158=CARTESIAN_POINT('Ctrl Pts',(-18.9698225517913,-15.7558800791327,9.));
#3159=CARTESIAN_POINT('Ctrl Pts',(-18.988395378238,-15.7758897710637,9.));
#3160=CARTESIAN_POINT('Ctrl Pts',(-19.007674861212,-15.7952316352333,9.));
#3161=CARTESIAN_POINT('Ctrl Pts',(-19.0182641623776,-15.8058551994166,9.));
#3162=CARTESIAN_POINT('Ctrl Pts',(-19.0290666932777,-15.8162772195063,9.));
#3163=CARTESIAN_POINT('Ctrl Pts',(-19.0400752879535,-15.826494675088,9.));
#3164=CARTESIAN_POINT('Ctrl Pts',(-19.0418838472776,-15.8252112989365,3.));
#3165=CARTESIAN_POINT('Ctrl Pts',(-19.0046898208064,-15.7904770212961,3.));
#3166=CARTESIAN_POINT('Ctrl Pts',(-18.969879497183,-15.7534319183402,3.));
#3167=CARTESIAN_POINT('Ctrl Pts',(-18.9374664477013,-15.7143890384749,3.));
#3168=CARTESIAN_POINT('Ctrl Pts',(-18.9146959976814,-15.6869610747744,3.));
#3169=CARTESIAN_POINT('Ctrl Pts',(-18.8931090862496,-15.6585460739806,3.));
#3170=CARTESIAN_POINT('Ctrl Pts',(-18.8727183230211,-15.6292402040329,3.));
#3171=CARTESIAN_POINT('Ctrl Pts',(-18.8640482527432,-15.6167794663374,3.));
#3172=CARTESIAN_POINT('Ctrl Pts',(-18.8555945239569,-15.6041575550847,3.));
#3173=CARTESIAN_POINT('Ctrl Pts',(-18.8473585160364,-15.591381403709,3.));
#3174=CARTESIAN_POINT('Ctrl Pts',(-18.8405326726029,-15.5807927775428,3.));
#3175=CARTESIAN_POINT('Ctrl Pts',(-18.8338613019185,-15.5701057818124,3.));
#3176=CARTESIAN_POINT('Ctrl Pts',(-18.8273462381852,-15.5593274331799,3.));
#3177=CARTESIAN_POINT('Ctrl Pts',(-18.7995353483768,-15.513317834747,3.));
#3178=CARTESIAN_POINT('Ctrl Pts',(-18.7745603832189,-15.4656321038782,3.));
#3179=CARTESIAN_POINT('Ctrl Pts',(-18.7524593254763,-15.4165946902417,3.));
#3180=CARTESIAN_POINT('Ctrl Pts',(-18.7437539036228,-15.3972792630218,3.));
#3181=CARTESIAN_POINT('Ctrl Pts',(-18.7354947548087,-15.3777536792688,3.));
#3182=CARTESIAN_POINT('Ctrl Pts',(-18.7276857950007,-15.3580362377891,3.));
#3183=CARTESIAN_POINT('Ctrl Pts',(-18.7226953137875,-15.3454353890591,3.));
#3184=CARTESIAN_POINT('Ctrl Pts',(-18.7178887141116,-15.3327561675832,3.));
#3185=CARTESIAN_POINT('Ctrl Pts',(-18.7132672302275,-15.3200032040165,3.));
#3186=CARTESIAN_POINT('Ctrl Pts',(-18.7092175593454,-15.3088281558043,3.));
#3187=CARTESIAN_POINT('Ctrl Pts',(-18.7053098042476,-15.2975954186057,3.));
#3188=CARTESIAN_POINT('Ctrl Pts',(-18.7015500544416,-15.2863246282233,3.));
#3189=CARTESIAN_POINT('Ctrl Pts',(-18.6833878150704,-15.23187877321,3.));
#3190=CARTESIAN_POINT('Ctrl Pts',(-18.6686433824887,-15.1764618062038,3.));
#3191=CARTESIAN_POINT('Ctrl Pts',(-18.6573559130932,-15.1204468404505,3.));
#3192=CARTESIAN_POINT('Ctrl Pts',(-18.646373685049,-15.0659466592108,3.));
#3193=CARTESIAN_POINT('Ctrl Pts',(-18.638663678534,-15.0108791207298,3.));
#3194=CARTESIAN_POINT('Ctrl Pts',(-18.6343061262077,-14.9555578329336,3.));
#3195=CARTESIAN_POINT('Ctrl Pts',(-18.6320365142992,-14.9267439842003,3.));
#3196=CARTESIAN_POINT('Ctrl Pts',(-18.6306771193894,-14.8978609112511,3.));
#3197=CARTESIAN_POINT('Ctrl Pts',(-18.63024464471,-14.8689512605632,3.));
#3198=CARTESIAN_POINT('Ctrl Pts',(-18.6299920989272,-14.8520693234014,3.));
#3199=CARTESIAN_POINT('Ctrl Pts',(-18.6300557079948,-14.8351783082682,3.));
#3200=CARTESIAN_POINT('Ctrl Pts',(-18.6304394312492,-14.818286644178,3.));
#3201=CARTESIAN_POINT('Ctrl Pts',(-18.6306728997266,-14.8080092605397,3.));
#3202=CARTESIAN_POINT('Ctrl Pts',(-18.6310249699164,-14.7977297180082,3.));
#3203=CARTESIAN_POINT('Ctrl Pts',(-18.6314963350835,-14.7874560050174,3.));
#3204=CARTESIAN_POINT('Ctrl Pts',(-18.6342303012182,-14.7278674198703,3.));
#3205=CARTESIAN_POINT('Ctrl Pts',(-18.640960296978,-14.6687191216831,3.));
#3206=CARTESIAN_POINT('Ctrl Pts',(-18.6517561507145,-14.6103890348823,3.));
#3207=CARTESIAN_POINT('Ctrl Pts',(-18.6616924955066,-14.5567028819987,3.));
#3208=CARTESIAN_POINT('Ctrl Pts',(-18.6750727336234,-14.5037084857255,3.));
#3209=CARTESIAN_POINT('Ctrl Pts',(-18.6916457082071,-14.4516024114358,3.));
#3210=CARTESIAN_POINT('Ctrl Pts',(-18.7079578097526,-14.4003165320872,3.));
#3211=CARTESIAN_POINT('Ctrl Pts',(-18.7273634745733,-14.3498905241751,3.));
#3212=CARTESIAN_POINT('Ctrl Pts',(-18.7496697341671,-14.3005162939872,3.));
#3213=CARTESIAN_POINT('Ctrl Pts',(-18.7540791314334,-14.2907562266526,3.));
#3214=CARTESIAN_POINT('Ctrl Pts',(-18.7586020039499,-14.2810372913726,3.));
#3215=CARTESIAN_POINT('Ctrl Pts',(-18.7632370524839,-14.2713610286307,3.));
#3216=CARTESIAN_POINT('Ctrl Pts',(-18.7674149533293,-14.26263912076,3.));
#3217=CARTESIAN_POINT('Ctrl Pts',(-18.7716823395713,-14.2539554647008,3.));
#3218=CARTESIAN_POINT('Ctrl Pts',(-18.7760342356191,-14.2453183852162,3.));
#3219=CARTESIAN_POINT('Ctrl Pts',(-18.8019519407411,-14.1938802817464,3.));
#3220=CARTESIAN_POINT('Ctrl Pts',(-18.8308996103933,-14.1440162860586,3.));
#3221=CARTESIAN_POINT('Ctrl Pts',(-18.8625952879194,-14.0959395946532,3.));
#3222=CARTESIAN_POINT('Ctrl Pts',(-18.8949758164812,-14.0468241063371,3.));
#3223=CARTESIAN_POINT('Ctrl Pts',(-18.9302247933153,-13.9995730476052,3.));
#3224=CARTESIAN_POINT('Ctrl Pts',(-18.968095311135,-13.9544238614541,3.));
#3225=CARTESIAN_POINT('Ctrl Pts',(-19.0072115620801,-13.9077895137574,3.));
#3226=CARTESIAN_POINT('Ctrl Pts',(-19.0491250876825,-13.8633963584717,3.));
#3227=CARTESIAN_POINT('Ctrl Pts',(-19.0936142271044,-13.8215336027134,3.));
#3228=CARTESIAN_POINT('Ctrl Pts',(-19.1017437404432,-13.8138840092225,3.));
#3229=CARTESIAN_POINT('Ctrl Pts',(-19.1099603255646,-13.8063182890824,3.));
#3230=CARTESIAN_POINT('Ctrl Pts',(-19.1182494972677,-13.7988499170765,3.));
#3231=CARTESIAN_POINT('Ctrl Pts',(-19.1634734848296,-13.7581040410349,3.));
#3232=CARTESIAN_POINT('Ctrl Pts',(-19.2109400023071,-13.7201717541482,3.));
#3233=CARTESIAN_POINT('Ctrl Pts',(-19.2603789123077,-13.6852943159343,3.));
#3234=CARTESIAN_POINT('Ctrl Pts',(-19.3093595891909,-13.6507401453094,3.));
#3235=CARTESIAN_POINT('Ctrl Pts',(-19.3602769985733,-13.619183537238,3.));
#3236=CARTESIAN_POINT('Ctrl Pts',(-19.4129102485022,-13.5908866688038,3.));
#3237=CARTESIAN_POINT('Ctrl Pts',(-19.4572802978706,-13.5670322906096,3.));
#3238=CARTESIAN_POINT('Ctrl Pts',(-19.5028706408994,-13.5454946265781,3.));
#3239=CARTESIAN_POINT('Ctrl Pts',(-19.5495666735099,-13.5264535220508,3.));
#3240=CARTESIAN_POINT('Ctrl Pts',(-19.5664181980065,-13.5195820252353,3.));
#3241=CARTESIAN_POINT('Ctrl Pts',(-19.5834138500854,-13.5130358959374,3.));
#3242=CARTESIAN_POINT('Ctrl Pts',(-19.6005453154047,-13.506813325104,3.));
#3243=CARTESIAN_POINT('Ctrl Pts',(-21.2624596734993,-15.0001468764821,8.80658032638058));
#3244=CARTESIAN_POINT('Ctrl Pts',(-21.2623150270562,-14.7836782392195,8.79301004514158));
#3245=CARTESIAN_POINT('Ctrl Pts',(-21.2094849798267,-14.5671253084306,8.77943976390259));
#3246=CARTESIAN_POINT('Ctrl Pts',(-21.1043982591805,-14.3799245402033,8.76586948266359));
#3247=CARTESIAN_POINT('Ctrl Pts',(-20.900515884274,-14.016729866549,8.73954131150987));
#3248=CARTESIAN_POINT('Ctrl Pts',(-20.4999330164951,-13.7640203130763,8.71321314035615));
#3249=CARTESIAN_POINT('Ctrl Pts',(-20.084355481956,-13.7362903354468,8.68688496920244));
#3250=CARTESIAN_POINT('Ctrl Pts',(-19.6687779474169,-13.7085603578172,8.66055679804872));
#3251=CARTESIAN_POINT('Ctrl Pts',(-19.2382057461175,-13.9058099560308,8.63422862689501));
#3252=CARTESIAN_POINT('Ctrl Pts',(-18.9878455964267,-14.2386464257467,8.60790045574129));
#3253=CARTESIAN_POINT('Ctrl Pts',(-18.7374854467359,-14.5714828954626,8.58157228458758));
#3254=CARTESIAN_POINT('Ctrl Pts',(-18.6673373486536,-15.0399062366808,8.55524411343387));
#3255=CARTESIAN_POINT('Ctrl Pts',(-18.809226432486,-15.4314883254268,8.52891594228015));
#3256=CARTESIAN_POINT('Ctrl Pts',(-18.9511155163184,-15.8230704141729,8.50258777112643));
#3257=CARTESIAN_POINT('Ctrl Pts',(-19.3050417820655,-16.1378112504467,8.47625959997272));
#3258=CARTESIAN_POINT('Ctrl Pts',(-19.710511235402,-16.233006739498,8.449931428819));
#3259=CARTESIAN_POINT('Ctrl Pts',(-20.1159806887385,-16.3282022285493,8.42360325766528));
#3260=CARTESIAN_POINT('Ctrl Pts',(-20.5729933296644,-16.203852370378,8.39727508651157));
#3261=CARTESIAN_POINT('Ctrl Pts',(-20.874324603086,-15.9163361092944,8.37094691535786));
#3262=CARTESIAN_POINT('Ctrl Pts',(-21.1198875036143,-15.6820314311937,8.34949138569877));
#3263=CARTESIAN_POINT('Ctrl Pts',(-21.2620615474006,-15.3393670429607,8.32803585603967));
#3264=CARTESIAN_POINT('Ctrl Pts',(-21.2651027174101,-14.9989431851688,8.30658032638058));
#3265=CARTESIAN_POINT('Ctrl Pts',(-20.3985138418572,-13.5093505717815,3.));
#3266=CARTESIAN_POINT('Ctrl Pts',(-20.8916945438058,-13.6411986995457,3.02632817115371));
#3267=CARTESIAN_POINT('Ctrl Pts',(-21.7286371715289,-14.430403338661,3.07898451346115));
#3268=CARTESIAN_POINT('Ctrl Pts',(-21.4214598256118,-16.1394642725603,3.15796902692229));
#3269=CARTESIAN_POINT('Ctrl Pts',(-19.8228186865076,-16.8115762014306,3.23695354038344));
#3270=CARTESIAN_POINT('Ctrl Pts',(-18.3860494050738,-15.8425530195432,3.31593805384458));
#3271=CARTESIAN_POINT('Ctrl Pts',(-18.4123404350799,-14.1085371830803,3.39492256730573));
#3272=CARTESIAN_POINT('Ctrl Pts',(-19.8787684212828,-13.1834338351649,3.47390708076686));
#3273=CARTESIAN_POINT('Ctrl Pts',(-21.4549795496383,-13.9055127531893,3.55289159422802));
#3274=CARTESIAN_POINT('Ctrl Pts',(-21.7117731692285,-15.6202867125005,3.63187610768915));
#3275=CARTESIAN_POINT('Ctrl Pts',(-20.4161426357688,-16.7724698434674,3.71086062115031));
#3276=CARTESIAN_POINT('Ctrl Pts',(-18.7431400798147,-16.3172578197955,3.78984513461144));
#3277=CARTESIAN_POINT('Ctrl Pts',(-18.2099542615247,-14.6674276759092,3.8688296480726));
#3278=CARTESIAN_POINT('Ctrl Pts',(-19.3001403907462,-13.3192108692741,3.94781416153374));
#3279=CARTESIAN_POINT('Ctrl Pts',(-21.0250160176746,-13.4952727974675,4.02679867499489));
#3280=CARTESIAN_POINT('Ctrl Pts',(-21.8203211412006,-15.0359519794383,4.10578318845603));
#3281=CARTESIAN_POINT('Ctrl Pts',(-20.9648029273339,-16.5440257062455,4.18476770191717));
#3282=CARTESIAN_POINT('Ctrl Pts',(-19.2343194732327,-16.6518457283295,4.26375221537832));
#3283=CARTESIAN_POINT('Ctrl Pts',(-18.198220264939,-15.26163076857,4.34273672883947));
#3284=CARTESIAN_POINT('Ctrl Pts',(-18.7961287979794,-13.6341468519854,4.42172124230061));
#3285=CARTESIAN_POINT('Ctrl Pts',(-20.4858104282088,-13.2453350605444,4.50070575576175));
#3286=CARTESIAN_POINT('Ctrl Pts',(-21.7349177279831,-14.4478032288533,4.5796902692229));
#3287=CARTESIAN_POINT('Ctrl Pts',(-21.4106535509311,-16.1510505359151,4.65867478268405));
#3288=CARTESIAN_POINT('Ctrl Pts',(-19.8070883485415,-16.8104269909306,4.73765929614519));
#3289=CARTESIAN_POINT('Ctrl Pts',(-18.3784718920754,-15.8279537337633,4.81664380960633));
#3290=CARTESIAN_POINT('Ctrl Pts',(-18.4203955155119,-14.0946213716954,4.89562832306748));
#3291=CARTESIAN_POINT('Ctrl Pts',(-19.8948392962522,-13.1823636181078,4.97461283652862));
#3292=CARTESIAN_POINT('Ctrl Pts',(-21.4646517786202,-13.9184936629988,5.05359734998977));
#3293=CARTESIAN_POINT('Ctrl Pts',(-21.7061930267976,-15.6354259553386,5.13258186345091));
#3294=CARTESIAN_POINT('Ctrl Pts',(-20.4004128229273,-16.7760997609811,5.21156637691206));
#3295=CARTESIAN_POINT('Ctrl Pts',(-18.7315040978241,-16.3060547215784,5.2905508903732));
#3296=CARTESIAN_POINT('Ctrl Pts',(-18.2129757169556,-14.6515677951257,5.36953540383435));
#3297=CARTESIAN_POINT('Ctrl Pts',(-19.3150734699779,-13.3130689290623,5.44851991729549));
#3298=CARTESIAN_POINT('Ctrl Pts',(-21.038321055663,-13.5044231297019,5.52750443075665));
#3299=CARTESIAN_POINT('Ctrl Pts',(-21.8199304922925,-15.052094076711,5.60648894421778));
#3300=CARTESIAN_POINT('Ctrl Pts',(-20.9510716360808,-16.5525216689798,5.68547345767893));
#3301=CARTESIAN_POINT('Ctrl Pts',(-19.219699850818,-16.6449901114575,5.76445797114007));
#3302=CARTESIAN_POINT('Ctrl Pts',(-18.1959708357496,-15.2456411287652,5.84344248460121));
#3303=CARTESIAN_POINT('Ctrl Pts',(-18.8082894321531,-13.6235238062032,5.92242699806237));
#3304=CARTESIAN_POINT('Ctrl Pts',(-20.5013528783231,-13.2497125718888,6.0014115115235));
#3305=CARTESIAN_POINT('Ctrl Pts',(-21.7397467463402,-14.4632113561133,6.08039602498466));
#3306=CARTESIAN_POINT('Ctrl Pts',(-21.4003897856455,-16.1635158949781,6.1593805384458));
#3307=CARTESIAN_POINT('Ctrl Pts',(-19.7910398507035,-16.8086449197157,6.23836505190695));
#3308=CARTESIAN_POINT('Ctrl Pts',(-18.3711928129008,-15.813540371992,6.31734956536808));
#3309=CARTESIAN_POINT('Ctrl Pts',(-18.4284871433253,-14.0806479831358,6.39633407882924));
#3310=CARTESIAN_POINT('Ctrl Pts',(-19.9109634533485,-13.1815024655035,6.47531859229037));
#3311=CARTESIAN_POINT('Ctrl Pts',(-21.4741857027222,-13.9315257122916,6.55430310575153));
#3312=CARTESIAN_POINT('Ctrl Pts',(-21.7004905421119,-15.6505326323803,6.63328761921267));
#3313=CARTESIAN_POINT('Ctrl Pts',(-20.3846454291149,-16.7795810415613,6.71227213267382));
#3314=CARTESIAN_POINT('Ctrl Pts',(-18.719971013334,-16.2947534834395,6.79125664613495));
#3315=CARTESIAN_POINT('Ctrl Pts',(-18.2161361270628,-14.6357329654997,6.87024115959611));
#3316=CARTESIAN_POINT('Ctrl Pts',(-19.3300612450889,-13.307060882846,6.94922567305724));
#3317=CARTESIAN_POINT('Ctrl Pts',(-21.0515440021627,-13.5136904760696,7.0282101865184));
#3318=CARTESIAN_POINT('Ctrl Pts',(-21.8193969137837,-15.0682323948243,7.10719469997953));
#3319=CARTESIAN_POINT('Ctrl Pts',(-20.9372654270916,-16.560895355099,7.18617921344069));
#3320=CARTESIAN_POINT('Ctrl Pts',(-19.2051416599549,-16.6380051914651,7.26516372690183));
#3321=CARTESIAN_POINT('Ctrl Pts',(-18.1938632729604,-15.2296321259771,7.34414824036298));
#3322=CARTESIAN_POINT('Ctrl Pts',(-18.8205438152434,-13.6130090472545,7.42313275382411));
#3323=CARTESIAN_POINT('Ctrl Pts',(-20.5168558868578,-13.2542277441758,7.50211726728527));
#3324=CARTESIAN_POINT('Ctrl Pts',(-21.7444389290627,-14.4786617032048,7.5811017807464));
#3325=CARTESIAN_POINT('Ctrl Pts',(-21.3900158708253,-16.1758897485585,7.66008629420756));
#3326=CARTESIAN_POINT('Ctrl Pts',(-19.7750077896292,-16.8067205645225,7.7390708076687));
#3327=CARTESIAN_POINT('Ctrl Pts',(-18.3640418468827,-15.7990630725969,7.81805532112985));
#3328=CARTESIAN_POINT('Ctrl Pts',(-18.4367023785177,-14.066746805021,7.89703983459099));
#3329=CARTESIAN_POINT('Ctrl Pts',(-19.9270946136044,-13.1807845441582,7.97602434805214));
#3330=CARTESIAN_POINT('Ctrl Pts',(-21.4836036747033,-13.944641417179,8.05500886151328));
#3331=CARTESIAN_POINT('Ctrl Pts',(-21.6946543060211,-15.6655888923464,8.13399337497442));
#3332=CARTESIAN_POINT('Ctrl Pts',(-20.3688477800357,-16.7829208871383,8.21297788843557));
#3333=CARTESIAN_POINT('Ctrl Pts',(-18.7085386114047,-16.2833532554805,8.29196240189671));
#3334=CARTESIAN_POINT('Ctrl Pts',(-18.2194368428478,-14.6199212368828,8.37094691535786));
#3335=CARTESIAN_POINT('Ctrl Pts',(-19.345101721854,-13.3011968081654,8.449931428819));
#3336=CARTESIAN_POINT('Ctrl Pts',(-21.0646842245862,-13.523053660246,8.52891594228015));
#3337=CARTESIAN_POINT('Ctrl Pts',(-21.8187202600589,-15.0844063916308,8.60790045574129));
#3338=CARTESIAN_POINT('Ctrl Pts',(-20.9233854401979,-16.5690663006172,8.68688496920245));
#3339=CARTESIAN_POINT('Ctrl Pts',(-19.1906461045197,-16.6310472463738,8.76586948266358));
#3340=CARTESIAN_POINT('Ctrl Pts',(-18.1918975031135,-15.2133013697964,8.84485399612474));
#3341=CARTESIAN_POINT('Ctrl Pts',(-18.8328919344063,-13.6031963936663,8.92383850958587));
#3342=CARTESIAN_POINT('Ctrl Pts',(-20.5323117652976,-13.2577109743801,9.00282302304702));
#3343=CARTESIAN_POINT('Ctrl Pts',(-21.7490541770251,-14.4965754145546,9.08180753650817));
#3344=CARTESIAN_POINT('Ctrl Pts',(-21.5022888935483,-15.6201517668208,9.13446387881559));
#3345=CARTESIAN_POINT('Ctrl Pts',(-21.1691365944252,-16.006960090359,9.16079204996931));
#3346=CARTESIAN_POINT('Ctrl Pts',(-20.3745375824152,-13.5990342757691,2.94640265001023));
#3347=CARTESIAN_POINT('Ctrl Pts',(-20.8380464706907,-13.7229498687348,2.97273082116394));
#3348=CARTESIAN_POINT('Ctrl Pts',(-21.6246351295607,-14.4646726560477,3.02538716347138));
#3349=CARTESIAN_POINT('Ctrl Pts',(-21.3359388574906,-16.0709093363089,3.10437167693252));
#3350=CARTESIAN_POINT('Ctrl Pts',(-19.8334786553579,-16.7025842005452,3.18335619039366));
#3351=CARTESIAN_POINT('Ctrl Pts',(-18.4831514229366,-15.7918615060537,3.26234070385481));
#3352=CARTESIAN_POINT('Ctrl Pts',(-18.5078606746198,-14.1621713145368,3.34132521731595));
#3353=CARTESIAN_POINT('Ctrl Pts',(-19.8860622200888,-13.2927260531184,3.4203097307771));
#3354=CARTESIAN_POINT('Ctrl Pts',(-21.3674418947292,-13.971361683463,3.49929424423824));
#3355=CARTESIAN_POINT('Ctrl Pts',(-21.6087857361695,-15.5829676696335,3.57827875769939));
#3356=CARTESIAN_POINT('Ctrl Pts',(-20.3911057543556,-16.6658306446327,3.65726327116054));
#3357=CARTESIAN_POINT('Ctrl Pts',(-18.8187580292145,-16.2380060801513,3.73624778462168));
#3358=CARTESIAN_POINT('Ctrl Pts',(-18.3176508997112,-14.6874366178533,3.81523229808282));
#3359=CARTESIAN_POINT('Ctrl Pts',(-19.3422468718819,-13.4203341729914,3.89421681154397));
#3360=CARTESIAN_POINT('Ctrl Pts',(-20.9633467670973,-13.5858034792357,3.97320132500512));
#3361=CARTESIAN_POINT('Ctrl Pts',(-21.7108030081644,-15.0337889579923,4.05218583846626));
#3362=CARTESIAN_POINT('Ctrl Pts',(-20.9067563481024,-16.4511306621346,4.13117035192741));
#3363=CARTESIAN_POINT('Ctrl Pts',(-19.2803860160508,-16.5524637807512,4.21015486538855));
#3364=CARTESIAN_POINT('Ctrl Pts',(-18.3066228694355,-15.245889967307,4.2891393788497));
#3365=CARTESIAN_POINT('Ctrl Pts',(-18.8685587244781,-13.7163222898169,4.36812389231084));
#3366=CARTESIAN_POINT('Ctrl Pts',(-20.4565820410288,-13.3509030418878,4.44710840577198));
#3367=CARTESIAN_POINT('Ctrl Pts',(-21.6305378214712,-14.481025696074,4.52609291923313));
#3368=CARTESIAN_POINT('Ctrl Pts',(-21.3257827334901,-16.0817985216027,4.60507743269427));
#3369=CARTESIAN_POINT('Ctrl Pts',(-19.8186947203132,-16.7015041313552,4.68406194615542));
#3370=CARTESIAN_POINT('Ctrl Pts',(-18.4760298048119,-15.7781405743654,4.76304645961656));
#3371=CARTESIAN_POINT('Ctrl Pts',(-18.515431127724,-14.1490927365653,4.84203097307771));
#3372=CARTESIAN_POINT('Ctrl Pts',(-19.9011662040063,-13.2917202247954,4.92101548653885));
#3373=CARTESIAN_POINT('Ctrl Pts',(-21.3765322019632,-13.9835616074479,5.));
#3374=CARTESIAN_POINT('Ctrl Pts',(-21.6035413184451,-15.5971960723052,5.07898451346115));
#3375=CARTESIAN_POINT('Ctrl Pts',(-20.376322312842,-16.6692421711273,5.15796902692228));
#3376=CARTESIAN_POINT('Ctrl Pts',(-18.8078221165659,-16.227477007178,5.23695354038344));
#3377=CARTESIAN_POINT('Ctrl Pts',(-18.3204905717467,-14.672530933829,5.31593805384458));
#3378=CARTESIAN_POINT('Ctrl Pts',(-19.3562815146119,-13.4145617575903,5.39492256730572));
#3379=CARTESIAN_POINT('Ctrl Pts',(-20.9758513183543,-13.5944032892132,5.47390708076687));
#3380=CARTESIAN_POINT('Ctrl Pts',(-21.7104358623285,-15.0489598791815,5.55289159422801));
#3381=CARTESIAN_POINT('Ctrl Pts',(-20.8938511887598,-16.4591154722179,5.63187610768916));
#3382=CARTESIAN_POINT('Ctrl Pts',(-19.2666459712646,-16.5460206264627,5.7108606211503));
#3383=CARTESIAN_POINT('Ctrl Pts',(-18.3045087753141,-15.2308623311067,5.78984513461145));
#3384=CARTESIAN_POINT('Ctrl Pts',(-18.8799877240402,-13.706338370898,5.86882964807259));
#3385=CARTESIAN_POINT('Ctrl Pts',(-20.4711893923406,-13.3550171838415,5.94781416153374));
#3386=CARTESIAN_POINT('Ctrl Pts',(-21.6350763058874,-14.4955068059561,6.02679867499488));
#3387=CARTESIAN_POINT('Ctrl Pts',(-21.3161364792505,-16.0935139125302,6.10578318845604));
#3388=CARTESIAN_POINT('Ctrl Pts',(-19.8036117672252,-16.6998292769978,6.18476770191717));
#3389=CARTESIAN_POINT('Ctrl Pts',(-18.4691886654839,-15.7645943807197,6.26375221537832));
#3390=CARTESIAN_POINT('Ctrl Pts',(-18.5230359293663,-14.1359600455027,6.34273672883946));
#3391=CARTESIAN_POINT('Ctrl Pts',(-19.9163202643752,-13.2909108827335,6.4217212423006));
#3392=CARTESIAN_POINT('Ctrl Pts',(-21.3854925253171,-13.9958095941509,6.50070575576176));
#3393=CARTESIAN_POINT('Ctrl Pts',(-21.5981819190879,-15.611393868475,6.5796902692229));
#3394=CARTESIAN_POINT('Ctrl Pts',(-20.3615035513857,-16.6725140033079,6.65867478268405));
#3395=CARTESIAN_POINT('Ctrl Pts',(-18.7969829106739,-16.216855698791,6.73765929614518));
#3396=CARTESIAN_POINT('Ctrl Pts',(-18.3234608383639,-14.6576487937798,6.81664380960634));
#3397=CARTESIAN_POINT('Ctrl Pts',(-19.3703675624885,-13.408915180562,6.89562832306747));
#3398=CARTESIAN_POINT('Ctrl Pts',(-20.9882787170898,-13.6031130732644,6.97461283652864));
#3399=CARTESIAN_POINT('Ctrl Pts',(-21.7099343861344,-15.0641272485813,7.05359734998976));
#3400=CARTESIAN_POINT('Ctrl Pts',(-20.8808756190455,-16.4669853623586,7.13258186345092));
#3401=CARTESIAN_POINT('Ctrl Pts',(-19.2529636620509,-16.5394559484702,7.21156637691205));
#3402=CARTESIAN_POINT('Ctrl Pts',(-18.3025280123167,-15.2158164968813,7.29055089037321));
#3403=CARTESIAN_POINT('Ctrl Pts',(-18.891504832192,-13.6964562238239,7.36953540383435));
#3404=CARTESIAN_POINT('Ctrl Pts',(-20.4857596750432,-13.3592607044798,7.44851991729549));
#3405=CARTESIAN_POINT('Ctrl Pts',(-21.6394861872731,-14.5100275955481,7.52750443075664));
#3406=CARTESIAN_POINT('Ctrl Pts',(-21.306386702533,-16.1051433033277,7.60648894421778));
#3407=CARTESIAN_POINT('Ctrl Pts',(-19.7885442619965,-16.6980206990614,7.68547345767893));
#3408=CARTESIAN_POINT('Ctrl Pts',(-18.4624679314891,-15.750988096205,7.76445797114007));
#3409=CARTESIAN_POINT('Ctrl Pts',(-18.5307569016507,-14.1228952204026,7.84344248460123));
#3410=CARTESIAN_POINT('Ctrl Pts',(-19.9314809065643,-13.2902361545389,7.92242699806236));
#3411=CARTESIAN_POINT('Ctrl Pts',(-21.3943438727148,-14.0081362033781,8.00141151152351));
#3412=CARTESIAN_POINT('Ctrl Pts',(-21.5926968153694,-15.6255442808713,8.08039602498465));
#3413=CARTESIAN_POINT('Ctrl Pts',(-20.3466563549461,-16.6756529098067,8.1593805384458));
#3414=CARTESIAN_POINT('Ctrl Pts',(-18.7862383298588,-16.2061413562255,8.23836505190694));
#3415=CARTESIAN_POINT('Ctrl Pts',(-18.3265629692827,-14.6427883648863,8.31734956536809));
#3416=CARTESIAN_POINT('Ctrl Pts',(-19.3845031412672,-13.4034039131397,8.39633407882923));
#3417=CARTESIAN_POINT('Ctrl Pts',(-21.0006283687756,-13.6119129291208,8.47531859229038));
#3418=CARTESIAN_POINT('Ctrl Pts',(-21.7092984427276,-15.079328150095,8.55430310575152));
#3419=CARTESIAN_POINT('Ctrl Pts',(-20.8678307102141,-16.4746647096209,8.63328761921267));
#3420=CARTESIAN_POINT('Ctrl Pts',(-19.2393402198559,-16.5329166224561,8.71227213267381));
#3421=CARTESIAN_POINT('Ctrl Pts',(-18.3006805114054,-15.200468267293,8.79125664613496));
#3422=CARTESIAN_POINT('Ctrl Pts',(-18.9031100368621,-13.6872339405153,8.87024115959611));
#3423=CARTESIAN_POINT('Ctrl Pts',(-20.5002856631945,-13.3625343689869,8.94922567305724));
#3424=CARTESIAN_POINT('Ctrl Pts',(-21.6438237626156,-14.5268635431021,9.0282101865184));
#3425=CARTESIAN_POINT('Ctrl Pts',(-21.4119049106463,-15.5828408428503,9.08086652882582));
#3426=CARTESIAN_POINT('Ctrl Pts',(-21.0987964471909,-15.9463771598848,9.10719469997954));
#3427=CARTESIAN_POINT('Ctrl Pts',(-20.3505613229731,-13.6887179797568,2.89280530002046));
#3428=CARTESIAN_POINT('Ctrl Pts',(-20.7843983975756,-13.804701037924,2.91913347117417));
#3429=CARTESIAN_POINT('Ctrl Pts',(-21.5206330875925,-14.4989419734344,2.9717898134816));
#3430=CARTESIAN_POINT('Ctrl Pts',(-21.2504178893695,-16.0023544000574,3.05077432694275));
#3431=CARTESIAN_POINT('Ctrl Pts',(-19.8441386242081,-16.5935921996598,3.12975884040389));
#3432=CARTESIAN_POINT('Ctrl Pts',(-18.5802534407994,-15.7411699925642,3.20874335386504));
#3433=CARTESIAN_POINT('Ctrl Pts',(-18.6033809141597,-14.2158054459933,3.28772786732618));
#3434=CARTESIAN_POINT('Ctrl Pts',(-19.8933560188947,-13.4020182710718,3.36671238078733));
#3435=CARTESIAN_POINT('Ctrl Pts',(-21.2799042398201,-14.0372106137367,3.44569689424848));
#3436=CARTESIAN_POINT('Ctrl Pts',(-21.5057983031105,-15.5456486267665,3.52468140770962));
#3437=CARTESIAN_POINT('Ctrl Pts',(-20.3660688729424,-16.5591914457981,3.60366592117076));
#3438=CARTESIAN_POINT('Ctrl Pts',(-18.8943759786143,-16.1587543405071,3.68265043463191));
#3439=CARTESIAN_POINT('Ctrl Pts',(-18.4253475378977,-14.7074455597974,3.76163494809305));
#3440=CARTESIAN_POINT('Ctrl Pts',(-19.3843533530176,-13.5214574767086,3.8406194615542));
#3441=CARTESIAN_POINT('Ctrl Pts',(-20.90167751652,-13.676334161004,3.91960397501534));
#3442=CARTESIAN_POINT('Ctrl Pts',(-21.6012848751283,-15.0316259365463,3.99858848847649));
#3443=CARTESIAN_POINT('Ctrl Pts',(-20.8487097688709,-16.3582356180237,4.07757300193764));
#3444=CARTESIAN_POINT('Ctrl Pts',(-19.3264525588688,-16.453081833173,4.15655751539877));
#3445=CARTESIAN_POINT('Ctrl Pts',(-18.4150254739321,-15.2301491660439,4.23554202885993));
#3446=CARTESIAN_POINT('Ctrl Pts',(-18.9409886509769,-13.7984977276484,4.31452654232106));
#3447=CARTESIAN_POINT('Ctrl Pts',(-20.4273536538489,-13.4564710232311,4.39351105578221));
#3448=CARTESIAN_POINT('Ctrl Pts',(-21.5261579149594,-14.5142481632946,4.47249556924336));
#3449=CARTESIAN_POINT('Ctrl Pts',(-21.2409119160491,-16.0125465072902,4.5514800827045));
#3450=CARTESIAN_POINT('Ctrl Pts',(-19.8303010920849,-16.5925812717799,4.63046459616565));
#3451=CARTESIAN_POINT('Ctrl Pts',(-18.5735877175483,-15.7283274149674,4.7094491096268));
#3452=CARTESIAN_POINT('Ctrl Pts',(-18.6104667399361,-14.2035641014352,4.78843362308794));
#3453=CARTESIAN_POINT('Ctrl Pts',(-19.9074931117604,-13.4010768314831,4.86741813654908));
#3454=CARTESIAN_POINT('Ctrl Pts',(-21.288412625306,-14.048629551897,4.94640265001023));
#3455=CARTESIAN_POINT('Ctrl Pts',(-21.5008896100928,-15.5589661892717,5.02538716347138));
#3456=CARTESIAN_POINT('Ctrl Pts',(-20.3522318027566,-16.5623845812735,5.10437167693252));
#3457=CARTESIAN_POINT('Ctrl Pts',(-18.8841401353078,-16.1488992927775,5.18335619039367));
#3458=CARTESIAN_POINT('Ctrl Pts',(-18.4280054265378,-14.6934940725322,5.26234070385481));
#3459=CARTESIAN_POINT('Ctrl Pts',(-19.397489559246,-13.5160545861183,5.34132521731595));
#3460=CARTESIAN_POINT('Ctrl Pts',(-20.9133815810455,-13.6843834487246,5.4203097307771));
#3461=CARTESIAN_POINT('Ctrl Pts',(-21.6009412323645,-15.045825681652,5.49929424423825));
#3462=CARTESIAN_POINT('Ctrl Pts',(-20.8366307414389,-16.365709275456,5.57827875769939));
#3463=CARTESIAN_POINT('Ctrl Pts',(-19.3135920917112,-16.4470511414679,5.65726327116054));
#3464=CARTESIAN_POINT('Ctrl Pts',(-18.4130467148785,-15.2160835334482,5.73624778462168));
#3465=CARTESIAN_POINT('Ctrl Pts',(-18.9516860159273,-13.7891529355929,5.81523229808283));
#3466=CARTESIAN_POINT('Ctrl Pts',(-20.4410259063581,-13.4603217957942,5.89421681154397));
#3467=CARTESIAN_POINT('Ctrl Pts',(-21.5304058654347,-14.5278022557989,5.97320132500512));
#3468=CARTESIAN_POINT('Ctrl Pts',(-21.2318831728556,-16.0235119300823,6.05218583846626));
#3469=CARTESIAN_POINT('Ctrl Pts',(-19.8161836837469,-16.59101363428,6.13117035192741));
#3470=CARTESIAN_POINT('Ctrl Pts',(-18.567184518067,-15.7156483894473,6.21015486538854));
#3471=CARTESIAN_POINT('Ctrl Pts',(-18.6175847154073,-14.1912721078697,6.2891393788497));
#3472=CARTESIAN_POINT('Ctrl Pts',(-19.9216770754018,-13.4003192999634,6.36812389231084));
#3473=CARTESIAN_POINT('Ctrl Pts',(-21.296799347912,-14.0600934760102,6.44710840577198));
#3474=CARTESIAN_POINT('Ctrl Pts',(-21.4958732960639,-15.5722551045697,6.52609291923313));
#3475=CARTESIAN_POINT('Ctrl Pts',(-20.3383616736565,-16.5654469650545,6.60507743269427));
#3476=CARTESIAN_POINT('Ctrl Pts',(-18.8739948080139,-16.1389579141425,6.68406194615542));
#3477=CARTESIAN_POINT('Ctrl Pts',(-18.4307855496651,-14.6795646220598,6.76304645961656));
#3478=CARTESIAN_POINT('Ctrl Pts',(-19.4106738798881,-13.510769478278,6.84203097307772));
#3479=CARTESIAN_POINT('Ctrl Pts',(-20.925013432017,-13.6925356704592,6.92101548653885));
#3480=CARTESIAN_POINT('Ctrl Pts',(-21.600471858485,-15.0600221023384,7.00000000000001));
#3481=CARTESIAN_POINT('Ctrl Pts',(-20.8244858109995,-16.3730753696183,7.07898451346114));
#3482=CARTESIAN_POINT('Ctrl Pts',(-19.300785664147,-16.4409067054754,7.1579690269223));
#3483=CARTESIAN_POINT('Ctrl Pts',(-18.4111927516731,-15.2020008677854,7.23695354038343));
#3484=CARTESIAN_POINT('Ctrl Pts',(-18.9624658491405,-13.7799034003933,7.31593805384459));
#3485=CARTESIAN_POINT('Ctrl Pts',(-20.4546634632286,-13.4642936647837,7.39492256730572));
#3486=CARTESIAN_POINT('Ctrl Pts',(-21.5345334454835,-14.5413934878915,7.47390708076687));
#3487=CARTESIAN_POINT('Ctrl Pts',(-21.2227575342408,-16.0343968580968,7.55289159422801));
#3488=CARTESIAN_POINT('Ctrl Pts',(-19.8020807343639,-16.5893208336003,7.63187610768917));
#3489=CARTESIAN_POINT('Ctrl Pts',(-18.5608940160955,-15.7029131198131,7.7108606211503));
#3490=CARTESIAN_POINT('Ctrl Pts',(-18.6248114247838,-14.1790436357843,7.78984513461146));
#3491=CARTESIAN_POINT('Ctrl Pts',(-19.9358671995241,-13.3996877649195,7.86882964807259));
#3492=CARTESIAN_POINT('Ctrl Pts',(-21.3050840707263,-14.0716309895772,7.94781416153374));
#3493=CARTESIAN_POINT('Ctrl Pts',(-21.4907393247176,-15.5854996693961,8.02679867499488));
#3494=CARTESIAN_POINT('Ctrl Pts',(-20.3244649298565,-16.5683849324751,8.10578318845604));
#3495=CARTESIAN_POINT('Ctrl Pts',(-18.8639380483128,-16.1289294569706,8.18476770191716));
#3496=CARTESIAN_POINT('Ctrl Pts',(-18.4336890957175,-14.6656554928898,8.26375221537833));
#3497=CARTESIAN_POINT('Ctrl Pts',(-19.4239045606804,-13.505611018114,8.34273672883946));
#3498=CARTESIAN_POINT('Ctrl Pts',(-20.936572512965,-13.7007721979957,8.42172124230061));
#3499=CARTESIAN_POINT('Ctrl Pts',(-21.5998766253964,-15.0742499085592,8.50070575576176));
#3500=CARTESIAN_POINT('Ctrl Pts',(-20.8122759802303,-16.3802631186246,8.57969026922289));
#3501=CARTESIAN_POINT('Ctrl Pts',(-19.2880343351921,-16.4347859985384,8.65867478268405));
#3502=CARTESIAN_POINT('Ctrl Pts',(-18.4094635196972,-15.1876351647896,8.73765929614519));
#3503=CARTESIAN_POINT('Ctrl Pts',(-18.9733281393179,-13.7712714873643,8.81664380960633));
#3504=CARTESIAN_POINT('Ctrl Pts',(-20.4682595610913,-13.4673577635938,8.89562832306748));
#3505=CARTESIAN_POINT('Ctrl Pts',(-21.5385933482062,-14.5571516716497,8.97461283652863));
#3506=CARTESIAN_POINT('Ctrl Pts',(-21.3215209277443,-15.5455299188797,9.02726917883605));
#3507=CARTESIAN_POINT('Ctrl Pts',(-21.0284562999567,-15.8857942294106,9.05359734998977));
#3508=CARTESIAN_POINT('Ctrl Pts',(-20.3265850635311,-13.7784016837445,2.83920795003069));
#3509=CARTESIAN_POINT('Ctrl Pts',(-20.7307503244604,-13.8864522071131,2.8655361211844));
#3510=CARTESIAN_POINT('Ctrl Pts',(-21.4166310456243,-14.5332112908211,2.91819246349184));
#3511=CARTESIAN_POINT('Ctrl Pts',(-21.1648969212483,-15.9337994638059,2.99717697695298));
#3512=CARTESIAN_POINT('Ctrl Pts',(-19.8547985930583,-16.4846001987745,3.07616149041413));
#3513=CARTESIAN_POINT('Ctrl Pts',(-18.6773554586622,-15.6904784790748,3.15514600387527));
#3514=CARTESIAN_POINT('Ctrl Pts',(-18.6989011536996,-14.2694395774498,3.23413051733641));
#3515=CARTESIAN_POINT('Ctrl Pts',(-19.9006498177007,-13.5113104890253,3.31311503079756));
#3516=CARTESIAN_POINT('Ctrl Pts',(-21.192366584911,-14.1030595440103,3.39209954425871));
#3517=CARTESIAN_POINT('Ctrl Pts',(-21.4028108700514,-15.5083295838995,3.47108405771985));
#3518=CARTESIAN_POINT('Ctrl Pts',(-20.3410319915292,-16.4525522469634,3.550068571181));
#3519=CARTESIAN_POINT('Ctrl Pts',(-18.9699939280141,-16.0795026008629,3.62905308464213));
#3520=CARTESIAN_POINT('Ctrl Pts',(-18.5330441760842,-14.7274545017415,3.70803759810329));
#3521=CARTESIAN_POINT('Ctrl Pts',(-19.4264598341533,-13.6225807804259,3.78702211156443));
#3522=CARTESIAN_POINT('Ctrl Pts',(-20.8400082659427,-13.7668648427723,3.86600662502557));
#3523=CARTESIAN_POINT('Ctrl Pts',(-21.4917667420921,-15.0294629151003,3.94499113848672));
#3524=CARTESIAN_POINT('Ctrl Pts',(-20.7906631896394,-16.2653405739128,4.02397565194787));
#3525=CARTESIAN_POINT('Ctrl Pts',(-19.3725191016869,-16.3536998855947,4.10296016540901));
#3526=CARTESIAN_POINT('Ctrl Pts',(-18.5234280784286,-15.2144083647808,4.18194467887015));
#3527=CARTESIAN_POINT('Ctrl Pts',(-19.0134185774756,-13.8806731654799,4.2609291923313));
#3528=CARTESIAN_POINT('Ctrl Pts',(-20.3981252666689,-13.5620390045745,4.33991370579244));
#3529=CARTESIAN_POINT('Ctrl Pts',(-21.4217780084475,-14.5474706305153,4.41889821925359));
#3530=CARTESIAN_POINT('Ctrl Pts',(-21.1560410986081,-15.9432944929777,4.49788273271473));
#3531=CARTESIAN_POINT('Ctrl Pts',(-19.8419074638566,-16.4836584122046,4.57686724617588));
#3532=CARTESIAN_POINT('Ctrl Pts',(-18.6711456302847,-15.6785142555695,4.65585175963702));
#3533=CARTESIAN_POINT('Ctrl Pts',(-18.7055023521483,-14.2580354663051,4.73483627309816));
#3534=CARTESIAN_POINT('Ctrl Pts',(-19.9138200195145,-13.5104334381707,4.81382078655932));
#3535=CARTESIAN_POINT('Ctrl Pts',(-21.2002930486489,-14.1136974963461,4.89280530002046));
#3536=CARTESIAN_POINT('Ctrl Pts',(-21.3982379017404,-15.5207363062383,4.97178981348161));
#3537=CARTESIAN_POINT('Ctrl Pts',(-20.3281412926712,-16.4555269914197,5.05077432694275));
#3538=CARTESIAN_POINT('Ctrl Pts',(-18.9604581540497,-16.0703215783771,5.1297588404039));
#3539=CARTESIAN_POINT('Ctrl Pts',(-18.5355202813288,-14.7144572112355,5.20874335386503));
#3540=CARTESIAN_POINT('Ctrl Pts',(-19.4386976038801,-13.6175474146463,5.28772786732619));
#3541=CARTESIAN_POINT('Ctrl Pts',(-20.8509118437368,-13.7743636082359,5.36671238078732));
#3542=CARTESIAN_POINT('Ctrl Pts',(-21.4914466024004,-15.0426914841225,5.44569689424848));
#3543=CARTESIAN_POINT('Ctrl Pts',(-20.779410294118,-16.2723030786941,5.52468140770962));
#3544=CARTESIAN_POINT('Ctrl Pts',(-19.3605382121577,-16.3480816564731,5.60366592117076));
#3545=CARTESIAN_POINT('Ctrl Pts',(-18.5215846544429,-15.2013047357897,5.68265043463191));
#3546=CARTESIAN_POINT('Ctrl Pts',(-19.0233843078144,-13.8719675002877,5.76163494809306));
#3547=CARTESIAN_POINT('Ctrl Pts',(-20.4108624203756,-13.5656264077469,5.8406194615542));
#3548=CARTESIAN_POINT('Ctrl Pts',(-21.4257354249819,-14.5600977056417,5.91960397501535));
#3549=CARTESIAN_POINT('Ctrl Pts',(-21.1476298664606,-15.9535099476344,5.99858848847648));
#3550=CARTESIAN_POINT('Ctrl Pts',(-19.8287556002686,-16.4821979915622,6.07757300193764));
#3551=CARTESIAN_POINT('Ctrl Pts',(-18.6651803706501,-15.6667023981749,6.15655751539877));
#3552=CARTESIAN_POINT('Ctrl Pts',(-18.7121335014483,-14.2465841702366,6.23554202885992));
#3553=CARTESIAN_POINT('Ctrl Pts',(-19.9270338864285,-13.5097277171933,6.31452654232107));
#3554=CARTESIAN_POINT('Ctrl Pts',(-21.2081061705069,-14.1243773578696,6.39351105578221));
#3555=CARTESIAN_POINT('Ctrl Pts',(-21.3935646730399,-15.5331163406643,6.47249556924336));
#3556=CARTESIAN_POINT('Ctrl Pts',(-20.3152197959273,-16.4583799268012,6.5514800827045));
#3557=CARTESIAN_POINT('Ctrl Pts',(-18.9510067053538,-16.061060129494,6.63046459616566));
#3558=CARTESIAN_POINT('Ctrl Pts',(-18.5381102609662,-14.7014804503399,6.70944910962679));
#3559=CARTESIAN_POINT('Ctrl Pts',(-19.4509801972877,-13.612623775994,6.78843362308794));
#3560=CARTESIAN_POINT('Ctrl Pts',(-20.8617481469441,-13.7819582676539,6.86741813654908));
#3561=CARTESIAN_POINT('Ctrl Pts',(-21.4910093308357,-15.0559169560955,6.94640265001024));
#3562=CARTESIAN_POINT('Ctrl Pts',(-20.7680960029535,-16.2791653768779,7.02538716347137));
#3563=CARTESIAN_POINT('Ctrl Pts',(-19.348607666243,-16.3423574624806,7.10437167693252));
#3564=CARTESIAN_POINT('Ctrl Pts',(-18.5198574910295,-15.1881852386896,7.18335619039366));
#3565=CARTESIAN_POINT('Ctrl Pts',(-19.033426866089,-13.8633505769626,7.26234070385481));
#3566=CARTESIAN_POINT('Ctrl Pts',(-20.4235672514139,-13.5693266250877,7.34132521731596));
#3567=CARTESIAN_POINT('Ctrl Pts',(-21.4295807036939,-14.5727593802349,7.42030973077709));
#3568=CARTESIAN_POINT('Ctrl Pts',(-21.1391283659486,-15.963650412866,7.49929424423825));
#3569=CARTESIAN_POINT('Ctrl Pts',(-19.8156172067311,-16.4806209681391,7.57827875769939));
#3570=CARTESIAN_POINT('Ctrl Pts',(-18.659320100702,-15.6548381434212,7.65726327116053));
#3571=CARTESIAN_POINT('Ctrl Pts',(-18.7188659479168,-14.2351920511659,7.73624778462168));
#3572=CARTESIAN_POINT('Ctrl Pts',(-19.940253492484,-13.5091393753001,7.81523229808282));
#3573=CARTESIAN_POINT('Ctrl Pts',(-21.2158242687378,-14.1351257757763,7.89421681154397));
#3574=CARTESIAN_POINT('Ctrl Pts',(-21.3887818340659,-15.5454550579209,7.97320132500512));
#3575=CARTESIAN_POINT('Ctrl Pts',(-20.3022735047668,-16.4611169551435,8.05218583846626));
#3576=CARTESIAN_POINT('Ctrl Pts',(-18.9416377667669,-16.0517175577156,8.1311703519274));
#3577=CARTESIAN_POINT('Ctrl Pts',(-18.5408152221523,-14.6885226208933,8.21015486538855));
#3578=CARTESIAN_POINT('Ctrl Pts',(-19.4633059800936,-13.6078181230883,8.28913937884969));
#3579=CARTESIAN_POINT('Ctrl Pts',(-20.8725166571543,-13.7896314668705,8.36812389231084));
#3580=CARTESIAN_POINT('Ctrl Pts',(-21.4904548080652,-15.0691716670234,8.44710840577198));
#3581=CARTESIAN_POINT('Ctrl Pts',(-20.7567212502464,-16.2858615276283,8.52609291923313));
#3582=CARTESIAN_POINT('Ctrl Pts',(-19.3367284505283,-16.3366553746206,8.60507743269427));
#3583=CARTESIAN_POINT('Ctrl Pts',(-18.518246527989,-15.1748020622862,8.68406194615542));
#3584=CARTESIAN_POINT('Ctrl Pts',(-19.0435462417737,-13.8553090342133,8.76304645961656));
#3585=CARTESIAN_POINT('Ctrl Pts',(-20.4362334589882,-13.5721811582007,8.84203097307772));
#3586=CARTESIAN_POINT('Ctrl Pts',(-21.4333629337967,-14.5874398001972,8.92101548653885));
#3587=CARTESIAN_POINT('Ctrl Pts',(-21.2311369448424,-15.5082189949092,8.97367182884628));
#3588=CARTESIAN_POINT('Ctrl Pts',(-20.9581161527224,-15.8252112989365,9.));
#3589=CARTESIAN_POINT('Ctrl Pts',(-20.9581161527224,-15.8252112989365,9.));
#3590=CARTESIAN_POINT('Ctrl Pts',(-20.9949970504244,-15.7907694419517,9.));
#3591=CARTESIAN_POINT('Ctrl Pts',(-21.0294982382492,-15.7540890639858,9.));
#3592=CARTESIAN_POINT('Ctrl Pts',(-21.0616183522046,-15.7154900741606,9.));
#3593=CARTESIAN_POINT('Ctrl Pts',(-21.0951812598142,-15.6751572680215,9.));
#3594=CARTESIAN_POINT('Ctrl Pts',(-21.1261449995722,-15.6327291593955,9.));
#3595=CARTESIAN_POINT('Ctrl Pts',(-21.1544799425662,-15.5885210049752,9.));
#3596=CARTESIAN_POINT('Ctrl Pts',(-21.1773905809259,-15.5527758461202,8.99999999999999));
#3597=CARTESIAN_POINT('Ctrl Pts',(-21.1985821339384,-15.5158657762843,9.));
#3598=CARTESIAN_POINT('Ctrl Pts',(-21.2180222123448,-15.4779390042145,9.));
#3599=CARTESIAN_POINT('Ctrl Pts',(-21.2267318741038,-15.4609468219077,9.));
#3600=CARTESIAN_POINT('Ctrl Pts',(-21.2350897503231,-15.4437503716124,9.));
#3601=CARTESIAN_POINT('Ctrl Pts',(-21.2430918118764,-15.4263621835558,9.));
#3602=CARTESIAN_POINT('Ctrl Pts',(-21.246729221408,-15.418458225238,9.));
#3603=CARTESIAN_POINT('Ctrl Pts',(-21.2502923240847,-15.4105161883139,9.));
#3604=CARTESIAN_POINT('Ctrl Pts',(-21.2537771550179,-15.4025460069308,9.));
#3605=CARTESIAN_POINT('Ctrl Pts',(-21.2755899507516,-15.352657808106,9.));
#3606=CARTESIAN_POINT('Ctrl Pts',(-21.2943820667444,-15.3015773145582,9.));
#3607=CARTESIAN_POINT('Ctrl Pts',(-21.3101266442931,-15.249636106394,9.));
#3608=CARTESIAN_POINT('Ctrl Pts',(-21.3261661848518,-15.1967218181294,9.));
#3609=CARTESIAN_POINT('Ctrl Pts',(-21.3390435287202,-15.1429133388685,9.));
#3610=CARTESIAN_POINT('Ctrl Pts',(-21.3486894734694,-15.0885266077621,9.));
#3611=CARTESIAN_POINT('Ctrl Pts',(-21.3556993719984,-15.0490026962858,9.));
#3612=CARTESIAN_POINT('Ctrl Pts',(-21.3610018748461,-15.0091726070126,9.));
#3613=CARTESIAN_POINT('Ctrl Pts',(-21.3645545303632,-14.9691508765924,9.));
#3614=CARTESIAN_POINT('Ctrl Pts',(-21.3658328130724,-14.9547506383073,9.));
#3615=CARTESIAN_POINT('Ctrl Pts',(-21.3668844194402,-14.9403255560502,9.));
#3616=CARTESIAN_POINT('Ctrl Pts',(-21.367706902582,-14.9258808836018,9.));
#3617=CARTESIAN_POINT('Ctrl Pts',(-21.3682634401622,-14.9161068193788,9.));
#3618=CARTESIAN_POINT('Ctrl Pts',(-21.3687149183324,-14.9063247378686,9.));
#3619=CARTESIAN_POINT('Ctrl Pts',(-21.3690603961672,-14.8965491510082,9.));
#3620=CARTESIAN_POINT('Ctrl Pts',(-21.3710680147606,-14.8397418888202,9.));
#3621=CARTESIAN_POINT('Ctrl Pts',(-21.3695069280298,-14.7830418168747,9.));
#3622=CARTESIAN_POINT('Ctrl Pts',(-21.3643194457487,-14.7267819179807,9.));
#3623=CARTESIAN_POINT('Ctrl Pts',(-21.3607192945852,-14.6877371310327,9.));
#3624=CARTESIAN_POINT('Ctrl Pts',(-21.3553716120485,-14.6489036765693,9.));
#3625=CARTESIAN_POINT('Ctrl Pts',(-21.3482430884556,-14.6103882030651,9.));
#3626=CARTESIAN_POINT('Ctrl Pts',(-21.3382372751342,-14.5563267087251,9.));
#3627=CARTESIAN_POINT('Ctrl Pts',(-21.3247252681955,-14.5028910943162,9.));
#3628=CARTESIAN_POINT('Ctrl Pts',(-21.3079339212245,-14.450284563123,9.));
#3629=CARTESIAN_POINT('Ctrl Pts',(-21.3033293185202,-14.4358585509507,9.));
#3630=CARTESIAN_POINT('Ctrl Pts',(-21.298477811947,-14.421494917478,9.));
#3631=CARTESIAN_POINT('Ctrl Pts',(-21.2933834199246,-14.4071979623934,9.));
#3632=CARTESIAN_POINT('Ctrl Pts',(-21.2888041445425,-14.3943466360387,9.));
#3633=CARTESIAN_POINT('Ctrl Pts',(-21.2840268312289,-14.3815450374592,9.));
#3634=CARTESIAN_POINT('Ctrl Pts',(-21.2790653001959,-14.3688234891368,9.));
#3635=CARTESIAN_POINT('Ctrl Pts',(-21.2584626242046,-14.3159974690126,9.));
#3636=CARTESIAN_POINT('Ctrl Pts',(-21.2346600934239,-14.2644672417191,9.));
#3637=CARTESIAN_POINT('Ctrl Pts',(-21.2079436859432,-14.2144409692867,9.));
#3638=CARTESIAN_POINT('Ctrl Pts',(-21.1805882433531,-14.1632181084094,9.));
#3639=CARTESIAN_POINT('Ctrl Pts',(-21.1501775143922,-14.1135711091233,9.));
#3640=CARTESIAN_POINT('Ctrl Pts',(-21.1169630110386,-14.0657290734466,9.));
#3641=CARTESIAN_POINT('Ctrl Pts',(-21.0963348049926,-14.0360162892724,9.));
#3642=CARTESIAN_POINT('Ctrl Pts',(-21.0746240620765,-14.0069998686945,9.));
#3643=CARTESIAN_POINT('Ctrl Pts',(-21.0518816333573,-13.9787381593041,9.));
#3644=CARTESIAN_POINT('Ctrl Pts',(-21.0405763949776,-13.9646892920692,9.));
#3645=CARTESIAN_POINT('Ctrl Pts',(-21.0290161151573,-13.9508269724899,9.));
#3646=CARTESIAN_POINT('Ctrl Pts',(-21.0172064560354,-13.9371587363399,9.));
#3647=CARTESIAN_POINT('Ctrl Pts',(-21.0097794179217,-13.9285628480264,9.));
#3648=CARTESIAN_POINT('Ctrl Pts',(-21.0022537405099,-13.9200437267502,9.));
#3649=CARTESIAN_POINT('Ctrl Pts',(-20.9946307596727,-13.9116033063562,9.));
#3650=CARTESIAN_POINT('Ctrl Pts',(-20.9872621997827,-13.9034445893793,9.));
#3651=CARTESIAN_POINT('Ctrl Pts',(-20.9798091462852,-13.8953665282005,9.));
#3652=CARTESIAN_POINT('Ctrl Pts',(-20.9722737554468,-13.887371057081,9.));
#3653=CARTESIAN_POINT('Ctrl Pts',(-20.9308277147678,-13.8433944899228,9.));
#3654=CARTESIAN_POINT('Ctrl Pts',(-20.8868902795655,-13.8019098083353,9.));
#3655=CARTESIAN_POINT('Ctrl Pts',(-20.8407176678392,-13.7631692754866,9.));
#3656=CARTESIAN_POINT('Ctrl Pts',(-20.8088092926971,-13.7363969659047,9.));
#3657=CARTESIAN_POINT('Ctrl Pts',(-20.7758323623762,-13.7109355045329,9.));
#3658=CARTESIAN_POINT('Ctrl Pts',(-20.7418593815144,-13.6868762838255,9.));
#3659=CARTESIAN_POINT('Ctrl Pts',(-20.7282013582693,-13.6772038503992,9.));
#3660=CARTESIAN_POINT('Ctrl Pts',(-20.7143797126993,-13.6677566916167,9.));
#3661=CARTESIAN_POINT('Ctrl Pts',(-20.7004199188873,-13.6585544391961,9.));
#3662=CARTESIAN_POINT('Ctrl Pts',(-20.6496380894721,-13.6250792160693,9.));
#3663=CARTESIAN_POINT('Ctrl Pts',(-20.5969772888721,-13.5948024496401,9.));
#3664=CARTESIAN_POINT('Ctrl Pts',(-20.5426762573902,-13.5679887942352,9.));
#3665=CARTESIAN_POINT('Ctrl Pts',(-20.5124262719769,-13.5530514594786,9.));
#3666=CARTESIAN_POINT('Ctrl Pts',(-20.481666535309,-13.5391894080114,9.));
#3667=CARTESIAN_POINT('Ctrl Pts',(-20.4504336101492,-13.5264536559745,9.));
#3668=CARTESIAN_POINT('Ctrl Pts',(-20.4335757270399,-13.5195795697963,9.));
#3669=CARTESIAN_POINT('Ctrl Pts',(-20.4165799390001,-13.513033677869,9.));
#3670=CARTESIAN_POINT('Ctrl Pts',(-20.3994549866209,-13.5068134753775,9.));
#3671=CARTESIAN_POINT('Ctrl Pts',(-21.2664155925074,-15.0003583454948,8.44341967361942));
#3672=CARTESIAN_POINT('Ctrl Pts',(-21.2664874650961,-15.0198141454673,8.44464925100361));
#3673=CARTESIAN_POINT('Ctrl Pts',(-21.2660775021584,-15.0392668013851,8.4458788283878));
#3674=CARTESIAN_POINT('Ctrl Pts',(-21.2651761899436,-15.0586966104321,8.44710840577198));
#3675=CARTESIAN_POINT('Ctrl Pts',(-21.2458769554589,-15.4747349538917,8.4734365769257));
#3676=CARTESIAN_POINT('Ctrl Pts',(-21.0012991028527,-15.88029824076,8.49976474807941));
#3677=CARTESIAN_POINT('Ctrl Pts',(-20.6423447099299,-16.0915455253595,8.52609291923313));
#3678=CARTESIAN_POINT('Ctrl Pts',(-20.2833903170071,-16.3027928099591,8.55242109038685));
#3679=CARTESIAN_POINT('Ctrl Pts',(-19.8100593837677,-16.3197240922898,8.57874926154056));
#3680=CARTESIAN_POINT('Ctrl Pts',(-19.4369802633914,-16.1345475147328,8.60507743269428));
#3681=CARTESIAN_POINT('Ctrl Pts',(-19.0639011430152,-15.9493709371758,8.63140560384799));
#3682=CARTESIAN_POINT('Ctrl Pts',(-18.7910738355021,-15.562086499731,8.65773377500171));
#3683=CARTESIAN_POINT('Ctrl Pts',(-18.742210134043,-15.1485287763298,8.68406194615542));
#3684=CARTESIAN_POINT('Ctrl Pts',(-18.6933464325839,-14.7349710529286,8.71039011730914));
#3685=CARTESIAN_POINT('Ctrl Pts',(-18.8684463371788,-14.2951400435709,8.73671828846285));
#3686=CARTESIAN_POINT('Ctrl Pts',(-19.1881108256786,-14.0280365595567,8.76304645961656));
#3687=CARTESIAN_POINT('Ctrl Pts',(-19.5077753141785,-13.7609330755424,8.78937463077028));
#3688=CARTESIAN_POINT('Ctrl Pts',(-19.9720043865833,-13.6665571168715,8.815702801924));
#3689=CARTESIAN_POINT('Ctrl Pts',(-20.3703071685872,-13.7885789112022,8.84203097307772));
#3690=CARTESIAN_POINT('Ctrl Pts',(-20.768609950591,-13.9106007055328,8.86835914423143));
#3691=CARTESIAN_POINT('Ctrl Pts',(-21.1009864421939,-14.249020252865,8.89468731538514));
#3692=CARTESIAN_POINT('Ctrl Pts',(-21.2166181907567,-14.6484248252091,8.92101548653885));
#3693=CARTESIAN_POINT('Ctrl Pts',(-21.2494174727138,-14.7617170943833,8.92848354889904));
#3694=CARTESIAN_POINT('Ctrl Pts',(-21.2647776951784,-14.8799161560563,8.93595161125923));
#3695=CARTESIAN_POINT('Ctrl Pts',(-21.2637221458353,-14.9983575107296,8.94341967361941));
#3696=CARTESIAN_POINT('Ctrl Pts',(-20.3985138418572,-13.5093505717815,3.));
#3697=CARTESIAN_POINT('Ctrl Pts',(-20.4561973490392,-13.530427887887,3.));
#3698=CARTESIAN_POINT('Ctrl Pts',(-20.512377427043,-13.5551769613519,3.));
#3699=CARTESIAN_POINT('Ctrl Pts',(-20.5668363657205,-13.5833166040191,3.));
#3700=CARTESIAN_POINT('Ctrl Pts',(-20.6182449008316,-13.6098800634474,3.));
#3701=CARTESIAN_POINT('Ctrl Pts',(-20.6681200139305,-13.6394660243635,3.));
#3702=CARTESIAN_POINT('Ctrl Pts',(-20.7162486303588,-13.671870427146,3.));
#3703=CARTESIAN_POINT('Ctrl Pts',(-20.726050569505,-13.6784699516641,3.));
#3704=CARTESIAN_POINT('Ctrl Pts',(-20.7357788676457,-13.6851858207141,3.));
#3705=CARTESIAN_POINT('Ctrl Pts',(-20.7454237804422,-13.6920105499042,3.));
#3706=CARTESIAN_POINT('Ctrl Pts',(-20.794559405443,-13.7267788615822,3.));
#3707=CARTESIAN_POINT('Ctrl Pts',(-20.8415921196807,-13.7644084149246,3.));
#3708=CARTESIAN_POINT('Ctrl Pts',(-20.8862932295395,-13.804653551504,3.));
#3709=CARTESIAN_POINT('Ctrl Pts',(-20.9141583225837,-13.8297409481906,3.));
#3710=CARTESIAN_POINT('Ctrl Pts',(-20.9411166491838,-13.8558454496364,3.));
#3711=CARTESIAN_POINT('Ctrl Pts',(-20.9671040333907,-13.8829128885657,3.));
#3712=CARTESIAN_POINT('Ctrl Pts',(-20.975403637042,-13.891557429824,3.));
#3713=CARTESIAN_POINT('Ctrl Pts',(-20.9836041502656,-13.9003002123552,3.));
#3714=CARTESIAN_POINT('Ctrl Pts',(-20.9917033176126,-13.9091395322176,3.));
#3715=CARTESIAN_POINT('Ctrl Pts',(-20.9993913869987,-13.917530185419,3.));
#3716=CARTESIAN_POINT('Ctrl Pts',(-21.0069845385587,-13.9260039833149,3.));
#3717=CARTESIAN_POINT('Ctrl Pts',(-21.0144760162507,-13.9345532639105,3.));
#3718=CARTESIAN_POINT('Ctrl Pts',(-21.0538749248736,-13.9795153313193,3.));
#3719=CARTESIAN_POINT('Ctrl Pts',(-21.0905110613611,-14.0266123278089,3.));
#3720=CARTESIAN_POINT('Ctrl Pts',(-21.1241596574851,-14.0756027413997,3.));
#3721=CARTESIAN_POINT('Ctrl Pts',(-21.1564184344466,-14.1225696585172,3.));
#3722=CARTESIAN_POINT('Ctrl Pts',(-21.1859316196741,-14.1712778000335,3.));
#3723=CARTESIAN_POINT('Ctrl Pts',(-21.2124552167212,-14.2215326419003,3.));
#3724=CARTESIAN_POINT('Ctrl Pts',(-21.2271534652894,-14.2493817362822,3.));
#3725=CARTESIAN_POINT('Ctrl Pts',(-21.2409327932716,-14.2777060522393,3.));
#3726=CARTESIAN_POINT('Ctrl Pts',(-21.2537447855692,-14.3064734703367,3.));
#3727=CARTESIAN_POINT('Ctrl Pts',(-21.2648033320154,-14.33130378726,3.));
#3728=CARTESIAN_POINT('Ctrl Pts',(-21.2751411337096,-14.3564642440874,3.));
#3729=CARTESIAN_POINT('Ctrl Pts',(-21.2847238094835,-14.381934168347,3.));
#3730=CARTESIAN_POINT('Ctrl Pts',(-21.2878952270527,-14.3903635222338,3.));
#3731=CARTESIAN_POINT('Ctrl Pts',(-21.2909831639686,-14.3988249583973,3.));
#3732=CARTESIAN_POINT('Ctrl Pts',(-21.2939835729735,-14.4073091236525,3.));
#3733=CARTESIAN_POINT('Ctrl Pts',(-21.3117714044941,-14.4576072336465,3.));
#3734=CARTESIAN_POINT('Ctrl Pts',(-21.326518639562,-14.5087881163567,3.));
#3735=CARTESIAN_POINT('Ctrl Pts',(-21.3380315351432,-14.5606854829367,3.));
#3736=CARTESIAN_POINT('Ctrl Pts',(-21.3502715876522,-14.6158606982017,3.));
#3737=CARTESIAN_POINT('Ctrl Pts',(-21.3588561025195,-14.6718468073628,3.));
#3738=CARTESIAN_POINT('Ctrl Pts',(-21.3638764211379,-14.7283067970004,3.));
#3739=CARTESIAN_POINT('Ctrl Pts',(-21.3681605007112,-14.7764868243456,3.));
#3740=CARTESIAN_POINT('Ctrl Pts',(-21.3698480430716,-14.825012387654,3.));
#3741=CARTESIAN_POINT('Ctrl Pts',(-21.3689669517299,-14.8736657516696,3.));
#3742=CARTESIAN_POINT('Ctrl Pts',(-21.3687541674596,-14.8854155783549,3.));
#3743=CARTESIAN_POINT('Ctrl Pts',(-21.3683914603979,-14.8971728007078,3.));
#3744=CARTESIAN_POINT('Ctrl Pts',(-21.36787901226,-14.9089342268544,3.));
#3745=CARTESIAN_POINT('Ctrl Pts',(-21.367450163451,-14.9187769274561,3.));
#3746=CARTESIAN_POINT('Ctrl Pts',(-21.3669164041364,-14.9286214280215,3.));
#3747=CARTESIAN_POINT('Ctrl Pts',(-21.3662789570182,-14.9384532217326,3.));
#3748=CARTESIAN_POINT('Ctrl Pts',(-21.3626868889363,-14.9938562055482,3.));
#3749=CARTESIAN_POINT('Ctrl Pts',(-21.3558023258158,-15.0489649930355,3.));
#3750=CARTESIAN_POINT('Ctrl Pts',(-21.3457228957597,-15.1034641963654,3.));
#3751=CARTESIAN_POINT('Ctrl Pts',(-21.335701523655,-15.1576494819356,3.));
#3752=CARTESIAN_POINT('Ctrl Pts',(-21.3225214852989,-15.2112332783672,3.));
#3753=CARTESIAN_POINT('Ctrl Pts',(-21.3062319783805,-15.2638853929264,3.));
#3754=CARTESIAN_POINT('Ctrl Pts',(-21.2905290501387,-15.3146415257456,3.));
#3755=CARTESIAN_POINT('Ctrl Pts',(-21.2719359644654,-15.3645326126822,3.));
#3756=CARTESIAN_POINT('Ctrl Pts',(-21.2504615245478,-15.4132309169288,3.));
#3757=CARTESIAN_POINT('Ctrl Pts',(-21.2464829991287,-15.4222531518302,3.));
#3758=CARTESIAN_POINT('Ctrl Pts',(-21.2424053715431,-15.4312343364183,3.));
#3759=CARTESIAN_POINT('Ctrl Pts',(-21.23823498866,-15.440159261167,3.));
#3760=CARTESIAN_POINT('Ctrl Pts',(-21.2157349531616,-15.4883109847133,3.));
#3761=CARTESIAN_POINT('Ctrl Pts',(-21.1904962289542,-15.5349248624179,3.));
#3762=CARTESIAN_POINT('Ctrl Pts',(-21.1625742627314,-15.5797050077682,3.));
#3763=CARTESIAN_POINT('Ctrl Pts',(-21.1356283990393,-15.6229197184763,3.));
#3764=CARTESIAN_POINT('Ctrl Pts',(-21.1061830303401,-15.6644273083481,3.));
#3765=CARTESIAN_POINT('Ctrl Pts',(-21.074254965701,-15.7039278273353,3.));
#3766=CARTESIAN_POINT('Ctrl Pts',(-21.0485556182703,-15.7357223495719,3.));
#3767=CARTESIAN_POINT('Ctrl Pts',(-21.0212470773039,-15.7662160394981,3.));
#3768=CARTESIAN_POINT('Ctrl Pts',(-20.9923252699156,-15.7952314120178,3.));
#3769=CARTESIAN_POINT('Ctrl Pts',(-20.9817390881012,-15.8058518412594,3.));
#3770=CARTESIAN_POINT('Ctrl Pts',(-20.9709366563239,-15.8162739987503,3.));
#3771=CARTESIAN_POINT('Ctrl Pts',(-20.9599248471403,-15.8264944338869,3.));
#3772=CARTESIAN_POINT('Origin',(2.5,-10.1,0.));
#3773=CARTESIAN_POINT('',(2.,-10.6,0.));
#3774=CARTESIAN_POINT('',(3.,-9.6,0.));
#3775=CARTESIAN_POINT('',(3.15,-9.45,0.));
#3776=CARTESIAN_POINT('',(3.,-9.6,8.));
#3777=CARTESIAN_POINT('',(3.,-9.6,0.));
#3778=CARTESIAN_POINT('',(2.,-10.6,8.));
#3779=CARTESIAN_POINT('',(0.274999985098841,-12.3250000149012,8.));
#3780=CARTESIAN_POINT('',(2.,-10.6,0.));
#3781=CARTESIAN_POINT('Origin',(2.,-9.6,0.));
#3782=CARTESIAN_POINT('',(17.,-9.6,0.));
#3783=CARTESIAN_POINT('',(2.,-9.6,0.));
#3784=CARTESIAN_POINT('',(17.,-9.6,9.));
#3785=CARTESIAN_POINT('',(17.,-9.6,0.));
#3786=CARTESIAN_POINT('',(14.,-9.6,9.));
#3787=CARTESIAN_POINT('',(2.,-9.6,9.));
#3788=CARTESIAN_POINT('',(13.,-9.6,8.));
#3789=CARTESIAN_POINT('',(8.5,-9.6,3.5));
#3790=CARTESIAN_POINT('',(2.,-9.6,8.));
#3791=CARTESIAN_POINT('Origin',(2.5,-16.7,0.));
#3792=CARTESIAN_POINT('',(3.,-17.2,9.));
#3793=CARTESIAN_POINT('',(2.8,-17.,9.));
#3794=CARTESIAN_POINT('',(0.136248622917255,-14.3362486229173,9.));
#3795=CARTESIAN_POINT('',(3.,-17.2,0.));
#3796=CARTESIAN_POINT('',(3.,-17.2,0.));
#3797=CARTESIAN_POINT('',(2.,-16.2,0.));
#3798=CARTESIAN_POINT('',(-3.05,-11.15,0.));
#3799=CARTESIAN_POINT('',(2.,-16.2,8.2));
#3800=CARTESIAN_POINT('',(2.,-16.2,0.));
#3801=CARTESIAN_POINT('',(0.400000000000002,-14.6,6.6));
#3802=CARTESIAN_POINT('Origin',(2.,-17.2,0.));
#3803=CARTESIAN_POINT('',(2.,-16.,8.));
#3804=CARTESIAN_POINT('',(2.,-17.2,8.));
#3805=CARTESIAN_POINT('',(2.,-14.55,6.55));
#3806=CARTESIAN_POINT('',(2.,-17.2,0.));
#3807=CARTESIAN_POINT('Origin',(13.5,9.50000001862645,8.5));
#3808=CARTESIAN_POINT('',(14.,9.,9.));
#3809=CARTESIAN_POINT('',(13.,9.,8.));
#3810=CARTESIAN_POINT('',(12.25,9.,7.25));
#3811=CARTESIAN_POINT('',(13.,5.00000007450581,8.));
#3812=CARTESIAN_POINT('',(13.,9.50000001862645,8.));
#3813=CARTESIAN_POINT('',(14.,5.0000000745058,9.));
#3814=CARTESIAN_POINT('',(1.74999990686773,5.00000007450581,-3.25000009313226));
#3815=CARTESIAN_POINT('',(14.,-15.,9.));
#3816=CARTESIAN_POINT('Origin',(-4.,10.0000000372529,8.));
#3817=CARTESIAN_POINT('',(8.6,9.,8.));
#3818=CARTESIAN_POINT('',(8.6,9.,8.));
#3819=CARTESIAN_POINT('',(8.6,14.,8.));
#3820=CARTESIAN_POINT('',(8.6,15.2,8.));
#3821=CARTESIAN_POINT('',(-17.4174243050442,14.,8.));
#3822=CARTESIAN_POINT('',(-11.5,14.,8.));
#3823=CARTESIAN_POINT('',(-18.3339394440353,13.4,8.));
#3824=CARTESIAN_POINT('Origin',(-17.4174243050442,13.,8.));
#3825=CARTESIAN_POINT('',(-20.4,11.3339394440353,8.));
#3826=CARTESIAN_POINT('Origin',(-22.,15.,8.));
#3827=CARTESIAN_POINT('',(-21.,10.4174243050442,8.));
#3828=CARTESIAN_POINT('Origin',(-20.,10.4174243050442,8.));
#3829=CARTESIAN_POINT('',(-21.,5.00000007450581,8.));
#3830=CARTESIAN_POINT('',(-21.,7.50000005587935,8.));
#3831=CARTESIAN_POINT('',(-25.000000372529,5.00000007450581,8.));
#3832=CARTESIAN_POINT('Origin',(13.5,-10.250000089407,8.5));
#3833=CARTESIAN_POINT('',(14.,-8.00000011920929,9.));
#3834=CARTESIAN_POINT('',(13.,-8.00000011920929,8.));
#3835=CARTESIAN_POINT('',(2.49999999999999,-8.00000011920929,-2.5));
#3836=CARTESIAN_POINT('',(13.,-10.250000089407,8.));
#3837=CARTESIAN_POINT('',(14.,-15.,9.));
#3838=CARTESIAN_POINT('Origin',(-4.,-12.5000000596046,8.));
#3839=CARTESIAN_POINT('',(-21.,-8.00000011920929,8.));
#3840=CARTESIAN_POINT('',(17.0000002533197,-8.00000011920929,8.));
#3841=CARTESIAN_POINT('',(-20.,-9.00000000000001,8.));
#3842=CARTESIAN_POINT('Origin',(-20.,-8.00000000000001,8.));
#3843=CARTESIAN_POINT('',(-14.,-15.,8.));
#3844=CARTESIAN_POINT('Origin',(-20.,-15.,8.));
#3845=CARTESIAN_POINT('',(-13.,-16.,8.));
#3846=CARTESIAN_POINT('Origin',(-13.,-15.,8.));
#3847=CARTESIAN_POINT('',(-1.,-16.,8.));
#3848=CARTESIAN_POINT('Origin',(-20.,-8.00000000000001,8.5));
#3849=CARTESIAN_POINT('',(-22.,-8.00000011920929,9.));
#3850=CARTESIAN_POINT('',(-21.5,-8.00000011920929,8.5));
#3851=CARTESIAN_POINT('',(-20.,-10.,9.));
#3852=CARTESIAN_POINT('Origin',(-20.,-8.00000000000001,9.));
#3853=CARTESIAN_POINT('',(-20.,-10.,9.));
#3854=CARTESIAN_POINT('Origin',(-20.,-15.,8.5));
#3855=CARTESIAN_POINT('',(-15.,-15.,9.));
#3856=CARTESIAN_POINT('Origin',(-20.,-15.,9.));
#3857=CARTESIAN_POINT('',(-15.,-15.,9.));
#3858=CARTESIAN_POINT('Origin',(-13.,-15.,8.5));
#3859=CARTESIAN_POINT('',(-13.,-17.,9.));
#3860=CARTESIAN_POINT('',(-13.,-17.,9.));
#3861=CARTESIAN_POINT('Origin',(-13.,-15.,9.));
#3862=CARTESIAN_POINT('Origin',(-1.,-16.5,8.5));
#3863=CARTESIAN_POINT('',(-15.4174243050442,-17.,9.));
#3864=CARTESIAN_POINT('Origin',(-21.5,7.50000005587935,8.5));
#3865=CARTESIAN_POINT('',(-22.,5.00000007450581,9.));
#3866=CARTESIAN_POINT('',(-20.2500000931323,5.00000007450581,7.25000009313226));
#3867=CARTESIAN_POINT('',(-22.,10.4174243050442,9.));
#3868=CARTESIAN_POINT('',(-21.,10.4174243050442,8.));
#3869=CARTESIAN_POINT('',(-22.,12.,9.));
#3870=CARTESIAN_POINT('Origin',(-20.,10.4174243050442,8.5));
#3871=CARTESIAN_POINT('',(-20.8,12.2504545830265,9.));
#3872=CARTESIAN_POINT('',(-20.4,11.3339394440353,8.));
#3873=CARTESIAN_POINT('Origin',(-20.,10.4174243050442,9.));
#3874=CARTESIAN_POINT('Origin',(-22.,15.,8.5));
#3875=CARTESIAN_POINT('',(-19.2504545830265,13.8,9.));
#3876=CARTESIAN_POINT('',(-18.3339394440353,13.4,8.));
#3877=CARTESIAN_POINT('Origin',(-22.,15.,9.));
#3878=CARTESIAN_POINT('Origin',(-17.4174243050442,13.,8.5));
#3879=CARTESIAN_POINT('',(-17.4174243050442,15.,9.));
#3880=CARTESIAN_POINT('',(-17.4174243050442,14.,8.));
#3881=CARTESIAN_POINT('Origin',(-17.4174243050442,13.,9.));
#3882=CARTESIAN_POINT('Origin',(-11.5,14.5,8.5));
#3883=CARTESIAN_POINT('',(8.6,15.,9.));
#3884=CARTESIAN_POINT('',(8.6,12.5,6.5));
#3885=CARTESIAN_POINT('',(12.,15.,9.));
#3886=CARTESIAN_POINT('Origin',(-21.75,14.75,9.6));
#3887=CARTESIAN_POINT('',(-22.65,14.75,10.));
#3888=CARTESIAN_POINT('Origin',(-21.75,14.75,10.));
#3889=CARTESIAN_POINT('',(-23.45,14.75,9.2));
#3890=CARTESIAN_POINT('',(-23.05,14.75,9.6));
#3891=CARTESIAN_POINT('Origin',(-21.75,14.75,9.2));
#3892=CARTESIAN_POINT('Origin',(-21.75,14.75,0.));
#3893=CARTESIAN_POINT('',(-23.45,14.75,9.));
#3894=CARTESIAN_POINT('',(-23.45,14.75,0.));
#3895=CARTESIAN_POINT('Origin',(-21.75,14.75,9.));
#3896=CARTESIAN_POINT('Origin',(-21.75,14.75,10.));
#3897=CARTESIAN_POINT('Origin',(-4.,-1.,3.));
#3898=CARTESIAN_POINT('',(8.6,9.,3.));
#3899=CARTESIAN_POINT('',(17.,9.,3.));
#3900=CARTESIAN_POINT('',(6.5,9.,3.));
#3901=CARTESIAN_POINT('',(17.,13.,3.));
#3902=CARTESIAN_POINT('',(17.,-15.,3.));
#3903=CARTESIAN_POINT('',(16.4899888641287,15.2,3.));
#3904=CARTESIAN_POINT('Origin',(12.,13.,3.));
#3905=CARTESIAN_POINT('',(8.6,15.2,3.));
#3906=CARTESIAN_POINT('',(2.3,15.2,3.));
#3907=CARTESIAN_POINT('',(8.6,7.,3.));
#3908=CARTESIAN_POINT('Origin',(-4.,-1.,3.));
#3909=CARTESIAN_POINT('',(17.,5.00000007450581,3.));
#3910=CARTESIAN_POINT('',(-25.,5.00000007450581,3.));
#3911=CARTESIAN_POINT('',(5.,5.00000007450581,3.));
#3912=CARTESIAN_POINT('',(-25.,-8.00000011920929,3.));
#3913=CARTESIAN_POINT('',(-25.,15.,3.));
#3914=CARTESIAN_POINT('',(17.,-8.00000011920929,3.));
#3915=CARTESIAN_POINT('',(5.,-8.00000011920929,3.));
#3916=CARTESIAN_POINT('',(17.,-15.,3.));
#3917=CARTESIAN_POINT('',(9.74999994039536,-1.50000002235174,3.));
#3918=CARTESIAN_POINT('Origin',(11.7499999403954,-1.50000002235174,3.));
#3919=CARTESIAN_POINT('',(-21.7500000596046,-1.50000002235174,3.));
#3920=CARTESIAN_POINT('Origin',(-19.7500000596046,-1.50000002235174,3.));
#3921=CARTESIAN_POINT('Origin',(-4.,-1.,0.));
#3922=CARTESIAN_POINT('',(16.4899888641287,-17.2,0.));
#3923=CARTESIAN_POINT('',(16.4899888641287,-17.2,0.));
#3924=CARTESIAN_POINT('',(12.,-20.,0.));
#3925=CARTESIAN_POINT('Origin',(12.,-15.,0.));
#3926=CARTESIAN_POINT('',(-20.,-20.,0.));
#3927=CARTESIAN_POINT('',(-20.,-20.,0.));
#3928=CARTESIAN_POINT('',(-25.,-15.,0.));
#3929=CARTESIAN_POINT('Origin',(-20.,-15.,0.));
#3930=CARTESIAN_POINT('',(-25.,15.,0.));
#3931=CARTESIAN_POINT('',(-25.,15.,0.));
#3932=CARTESIAN_POINT('',(-22.,18.,0.));
#3933=CARTESIAN_POINT('Origin',(-22.,15.,0.));
#3934=CARTESIAN_POINT('',(12.,18.,0.));
#3935=CARTESIAN_POINT('',(12.,18.,0.));
#3936=CARTESIAN_POINT('',(17.,13.,0.));
#3937=CARTESIAN_POINT('Origin',(12.,13.,0.));
#3938=CARTESIAN_POINT('',(17.,-15.,0.));
#3939=CARTESIAN_POINT('',(-20.9500000596046,-1.50000002235174,0.));
#3940=CARTESIAN_POINT('Origin',(-19.7500000596046,-1.50000002235174,0.));
#3941=CARTESIAN_POINT('',(10.5499999403954,-1.50000002235174,0.));
#3942=CARTESIAN_POINT('Origin',(11.7499999403954,-1.50000002235174,0.));
#3943=CARTESIAN_POINT('Origin',(17.,9.,0.));
#3944=CARTESIAN_POINT('',(8.6,9.,0.));
#3945=CARTESIAN_POINT('',(17.,9.,9.));
#3946=CARTESIAN_POINT('',(8.6,9.,9.));
#3947=CARTESIAN_POINT('',(17.,9.,0.));
#3948=CARTESIAN_POINT('Origin',(15.5,7.0000000372529,9.));
#3949=CARTESIAN_POINT('',(17.,5.00000007450581,9.));
#3950=CARTESIAN_POINT('',(2.00000025331974,5.00000007450581,9.));
#3951=CARTESIAN_POINT('',(17.,-15.,9.));
#3952=CARTESIAN_POINT('Origin',(8.6,15.,0.));
#3953=CARTESIAN_POINT('',(8.6,15.2,9.));
#3954=CARTESIAN_POINT('',(8.6,15.2,0.));
#3955=CARTESIAN_POINT('',(8.6,15.2,9.));
#3956=CARTESIAN_POINT('Origin',(8.6,15.2,0.));
#3957=CARTESIAN_POINT('',(16.4899888641287,15.2,9.));
#3958=CARTESIAN_POINT('',(16.4899888641287,15.2,0.));
#3959=CARTESIAN_POINT('',(16.4899888641287,15.2,9.));
#3960=CARTESIAN_POINT('Origin',(-25.000000372529,5.00000007450581,0.));
#3961=CARTESIAN_POINT('',(17.,5.00000007450581,0.));
#3962=CARTESIAN_POINT('',(-25.000000372529,5.00000007450581,9.));
#3963=CARTESIAN_POINT('',(-25.000000372529,5.00000007450581,9.));
#3964=CARTESIAN_POINT('',(-25.000000372529,5.00000007450581,0.));
#3965=CARTESIAN_POINT('Origin',(-4.25500575420015,11.5000000372529,9.));
#3966=CARTESIAN_POINT('',(12.,18.,9.));
#3967=CARTESIAN_POINT('Origin',(12.,13.,9.));
#3968=CARTESIAN_POINT('',(-22.,18.,9.));
#3969=CARTESIAN_POINT('',(12.,18.,9.));
#3970=CARTESIAN_POINT('',(-25.,15.,9.));
#3971=CARTESIAN_POINT('Origin',(-22.,15.,9.));
#3972=CARTESIAN_POINT('',(-25.,15.,9.));
#3973=CARTESIAN_POINT('Origin',(15.5000001266599,-8.80000005960465,9.));
#3974=CARTESIAN_POINT('',(17.0000002533197,-8.00000011920929,9.));
#3975=CARTESIAN_POINT('',(17.,-15.,9.));
#3976=CARTESIAN_POINT('',(17.0000002533197,-8.00000011920929,9.));
#3977=CARTESIAN_POINT('Origin',(17.,-9.6,0.));
#3978=CARTESIAN_POINT('',(17.0000002533197,-8.00000011920929,0.));
#3979=CARTESIAN_POINT('',(17.,13.,0.));
#3980=CARTESIAN_POINT('Origin',(-22.,-8.00000011920929,0.));
#3981=CARTESIAN_POINT('',(-25.,-8.00000011920929,9.));
#3982=CARTESIAN_POINT('',(-25.,-8.00000011920929,0.));
#3983=CARTESIAN_POINT('',(-10.000000372529,-8.00000011920929,9.));
#3984=CARTESIAN_POINT('Origin',(-20.,-15.,0.));
#3985=CARTESIAN_POINT('Origin',(-4.25500556793564,-14.0000000596046,9.));
#3986=CARTESIAN_POINT('',(-25.,-15.,9.));
#3987=CARTESIAN_POINT('',(-25.,15.,9.));
#3988=CARTESIAN_POINT('',(-20.,-20.,9.));
#3989=CARTESIAN_POINT('Origin',(-20.,-15.,9.));
#3990=CARTESIAN_POINT('',(12.,-20.,9.));
#3991=CARTESIAN_POINT('',(-20.,-20.,9.));
#3992=CARTESIAN_POINT('',(16.4899888641287,-17.2,9.));
#3993=CARTESIAN_POINT('Origin',(12.,-15.,9.));
#3994=CARTESIAN_POINT('',(16.4899888641287,-17.2,9.));
#3995=CARTESIAN_POINT('Origin',(-25.,15.,0.));
#3996=CARTESIAN_POINT('',(-25.,-15.,0.));
#3997=CARTESIAN_POINT('',(-25.,15.,0.));
#3998=CARTESIAN_POINT('Origin',(-4.,-1.,3.));
#3999=CARTESIAN_POINT('Origin',(11.7499999403954,-1.50000002235174,1.));
#4000=CARTESIAN_POINT('',(9.74999994039536,-1.50000002235174,1.));
#4001=CARTESIAN_POINT('Origin',(11.7499999403954,-1.50000002235174,1.));
#4002=CARTESIAN_POINT('',(9.74999994039536,-1.50000002235174,1.));
#4003=CARTESIAN_POINT('Origin',(11.7499999403954,-1.50000002235174,1.));
#4004=CARTESIAN_POINT('',(10.5499999403954,-1.50000002235174,1.));
#4005=CARTESIAN_POINT('Origin',(11.7499999403954,-1.50000002235174,1.));
#4006=CARTESIAN_POINT('Origin',(-19.7500000596046,-1.50000002235174,1.));
#4007=CARTESIAN_POINT('',(-21.7500000596046,-1.50000002235174,1.));
#4008=CARTESIAN_POINT('Origin',(-19.7500000596046,-1.50000002235174,1.));
#4009=CARTESIAN_POINT('',(-21.7500000596046,-1.50000002235174,1.));
#4010=CARTESIAN_POINT('Origin',(-19.7500000596046,-1.50000002235174,1.));
#4011=CARTESIAN_POINT('',(-20.9500000596046,-1.50000002235174,1.));
#4012=CARTESIAN_POINT('Origin',(-19.7500000596046,-1.50000002235174,1.));
#4013=CARTESIAN_POINT('Origin',(11.7499999403954,-1.50000002235174,0.));
#4014=CARTESIAN_POINT('',(10.5499999403954,-1.50000002235174,0.));
#4015=CARTESIAN_POINT('Origin',(-19.7500000596046,-1.50000002235174,0.));
#4016=CARTESIAN_POINT('',(-20.9500000596046,-1.50000002235174,0.));
#4017=CARTESIAN_POINT('Origin',(12.,13.,0.));
#4018=CARTESIAN_POINT('',(12.,18.,0.));
#4019=CARTESIAN_POINT('Origin',(16.4899888641287,-17.2,0.));
#4020=CARTESIAN_POINT('',(16.4899888641287,-17.2,0.));
#4021=CARTESIAN_POINT('Origin',(12.,-15.,0.));
#4022=CARTESIAN_POINT('',(12.,-20.,0.));
#4023=CARTESIAN_POINT('Origin',(-20.,-20.,0.));
#4024=CARTESIAN_POINT('',(-20.,-20.,0.));
#4025=CARTESIAN_POINT('Origin',(-20.,-15.,0.));
#4026=CARTESIAN_POINT('Origin',(-22.,15.,0.));
#4027=CARTESIAN_POINT('',(-22.,18.,0.));
#4028=CARTESIAN_POINT('Origin',(12.,18.,0.));
#4029=UNCERTAINTY_MEASURE_WITH_UNIT(LENGTH_MEASURE(0.01),#4033,
'DISTANCE_ACCURACY_VALUE',
'Maximum model space distance between geometric entities at asserted c
onnectivities');
#4030=UNCERTAINTY_MEASURE_WITH_UNIT(LENGTH_MEASURE(0.01),#4033,
'DISTANCE_ACCURACY_VALUE',
'Maximum model space distance between geometric entities at asserted c
onnectivities');
#4031=(
GEOMETRIC_REPRESENTATION_CONTEXT(3)
GLOBAL_UNCERTAINTY_ASSIGNED_CONTEXT((#4029))
GLOBAL_UNIT_ASSIGNED_CONTEXT((#4033,#4035,#4036))
REPRESENTATION_CONTEXT('','3D')
);
#4032=(
GEOMETRIC_REPRESENTATION_CONTEXT(3)
GLOBAL_UNCERTAINTY_ASSIGNED_CONTEXT((#4030))
GLOBAL_UNIT_ASSIGNED_CONTEXT((#4033,#4035,#4036))
REPRESENTATION_CONTEXT('','3D')
);
#4033=(
LENGTH_UNIT()
NAMED_UNIT(*)
SI_UNIT(.MILLI.,.METRE.)
);
#4034=(
LENGTH_UNIT()
NAMED_UNIT(*)
SI_UNIT($,.METRE.)
);
#4035=(
NAMED_UNIT(*)
PLANE_ANGLE_UNIT()
SI_UNIT($,.RADIAN.)
);
#4036=(
NAMED_UNIT(*)
SI_UNIT($,.STERADIAN.)
SOLID_ANGLE_UNIT()
);
#4037=SHAPE_DEFINITION_REPRESENTATION(#4038,#4039);
#4038=PRODUCT_DEFINITION_SHAPE('',$,#4041);
#4039=SHAPE_REPRESENTATION('',(#1440),#4031);
#4040=PRODUCT_DEFINITION_CONTEXT('part definition',#4045,'design');
#4041=PRODUCT_DEFINITION('2026-08-16-15-08-04-225',
'powerfet_g2_base_cover',#4042,#4040);
#4042=PRODUCT_DEFINITION_FORMATION('',$,#4047);
#4043=PRODUCT_RELATED_PRODUCT_CATEGORY('powerfet_g2_base_cover',
'powerfet_g2_base_cover',(#4047));
#4044=APPLICATION_PROTOCOL_DEFINITION('international standard',
'automotive_design',2009,#4045);
#4045=APPLICATION_CONTEXT(
'Core Data for Automotive Mechanical Design Process');
#4046=PRODUCT_CONTEXT('part definition',#4045,'mechanical');
#4047=PRODUCT('2026-08-16-15-08-04-225','powerfet_g2_base_cover',$,(#4046));
#4048=PRESENTATION_STYLE_ASSIGNMENT((#4049));
#4049=SURFACE_STYLE_USAGE(.BOTH.,#4050);
#4050=SURFACE_SIDE_STYLE('',(#4051));
#4051=SURFACE_STYLE_FILL_AREA(#4052);
#4052=FILL_AREA_STYLE('Steel - Satin',(#4053));
#4053=FILL_AREA_STYLE_COLOUR('Steel - Satin',#4054);
#4054=COLOUR_RGB('Steel - Satin',0.627450980392157,0.627450980392157,0.627450980392157);
ENDSEC;
END-ISO-10303-21;
